county,precinct,absenteePrecinct,score
BERRIEN,1642,"1642",100.00
BERRIEN,1157,"1157",100.00
BERRIEN,518,"518",100.00
BERRIEN,1144,"1144",100.00
BERRIEN,11062,"11062",100.00
COBB,KE5A,"KE5A",100.00
COBB,SN3A,"SN3A",100.00
COBB,BG01,"BG01",100.00
COBB,MR5B,"MR5B",100.00
COBB,SN2A,"SN2A",100.00
COBB,CH03,"CH03",100.00
COBB,PE01,"PE01",100.00
COBB,PP01,"PP01",100.00
COBB,CH02,"CH02",100.00
COBB,DO01,"DO01",100.00
COBB,MR2B,"MR2B",100.00
COBB,CK01,"CK01",100.00
COBB,HL01,"HL01",100.00
COBB,MR3B,"MR3B",100.00
COBB,MK01,"MK01",100.00
COBB,SN3B,"SN3B",100.00
COBB,OK01,"OK01",100.00
COBB,AD01,"AD01",100.00
COBB,SN7A,"SN7A",100.00
COBB,MS01,"MS01",100.00
COBB,BG02,"BG02",100.00
COBB,EA01,"EA01",100.00
COBB,LM02,"LM02",100.00
COBB,FP01,"FP01",100.00
COBB,SO01,"SO01",100.00
COBB,CL02,"CL02",100.00
COBB,KP02,"KP02",100.00
COBB,RS01,"RS01",100.00
COBB,MR4C,"MR4C",100.00
COBB,MR5A,"MR5A",100.00
COBB,WG02,"WG02",100.00
COBB,PS3A,"PS3A",100.00
COBB,SW01,"SW01",100.00
COBB,FO04,"FO04",100.00
COBB,KE3A,"KE3A",100.00
COBB,OR02,"OR02",100.00
COBB,CL01,"CL01",100.00
COBB,MT04,"MT04",100.00
COBB,TR01,"TR01",100.00
COBB,AC1B,"AC1B",100.00
COBB,VG01,"VG01",100.00
COBB,LA01,"LA01",100.00
COBB,MD01,"MD01",100.00
COBB,FY01,"FY01",100.00
COBB,MT03,"MT03",100.00
COBB,CO01,"CO01",100.00
COBB,PM01,"PM01",100.00
COBB,SN4A,"SN4A",100.00
COBB,FR01,"FR01",100.00
COBB,MA01,"MA01",100.00
COBB,TM01,"TM01",100.00
COBB,SN6A,"SN6A",100.00
COBB,PS2A,"PS2A",100.00
COBB,AC1A,"AC1A",100.00
COBB,MA04,"MA04",100.00
COBB,ME01,"ME01",100.00
COBB,EL04,"EL04",100.00
COBB,HT01,"HT01",100.00
COBB,HR01,"HR01",100.00
COBB,SN5A,"SN5A",100.00
COBB,BK01,"BK01",100.00
COBB,KE2A,"KE2A",100.00
COBB,MB01,"MB01",100.00
COBB,OR05,"OR05",100.00
COBB,MC01,"MC01",100.00
COBB,PF01,"PF01",100.00
COBB,LM04,"LM04",100.00
COBB,MR6A,"MR6A",100.00
COBB,AU1A,"AU1A",100.00
COBB,AC1C,"AC1C",100.00
COBB,EA02,"EA02",100.00
COBB,EL03,"EL03",100.00
COBB,EL05,"EL05",100.00
COBB,HY01,"HY01",100.00
COBB,LM03,"LM03",100.00
COBB,PM02,"PM02",100.00
COBB,RW01,"RW01",100.00
COBB,DC01,"DC01",100.00
COBB,VA01,"VA01",100.00
COBB,CR01,"CR01",100.00
COBB,BF03,"BF03",100.00
COBB,MS02,"MS02",100.00
COBB,GM01,"GM01",100.00
COBB,ML01,"ML01",100.00
COBB,NC01,"NC01",100.00
COBB,RW02,"RW02",100.00
COBB,SO02,"SO02",100.00
COBB,MR3A,"MR3A",100.00
COBB,EL02,"EL02",100.00
COBB,KE4A,"KE4A",100.00
COBB,SI01,"SI01",100.00
COBB,MR2A,"MR2A",100.00
COBB,MT01,"MT01",100.00
COBB,BF02,"BF02",100.00
COBB,MR4B,"MR4B",100.00
COBB,KP03,"KP03",100.00
COBB,NJ01,"NJ01",100.00
COBB,GT01,"GT01",100.00
COBB,BR02,"BR02",100.00
COBB,DI02,"DI02",100.00
COBB,SN1A,"SN1A",100.00
COBB,MA02,"MA02",100.00
COBB,MR4A,"MR4A",100.00
COBB,OR01,"OR01",100.00
COBB,LM01,"LM01",100.00
COBB,SM01,"SM01",100.00
COBB,BR01,"BR01",100.00
COBB,CA01,"CA01",100.00
COBB,BF04,"BF04",100.00
COBB,DI01,"DI01",100.00
COBB,EL01,"EL01",100.00
COBB,SW02,"SW02",100.00
COBB,BW01,"BW01",100.00
COBB,SO03,"SO03",100.00
COBB,SF01,"SF01",100.00
COBB,VG02,"VG02",100.00
COBB,PS1A,"PS1A",100.00
COBB,MR1A,"MR1A",100.00
COBB,MA03,"MA03",100.00
COBB,DV01,"DV01",100.00
COBB,OR03,"OR03",100.00
COBB,KL01,"KL01",100.00
COBB,VG04,"VG04",100.00
COBB,EP01,"EP01",100.00
COBB,WL01,"WL01",100.00
COBB,PT01,"PT01",100.00
COBB,SA01,"SA01",100.00
COBB,DU01,"DU01",100.00
COBB,KE1A,"KE1A",100.00
COBB,NS01,"NS01",100.00
COBB,PO01,"PO01",100.00
COBB,PR01,"PR01",100.00
COBB,BT01,"BT01",100.00
COBB,MR7A,"MR7A",100.00
COBB,MR6B,"MR6B",100.00
COBB,SM03,"SM03",100.00
COBB,FO02,"FO02",100.00
COBB,DL01,"DL01",100.00
COBB,LI01,"LI01",100.00
COBB,RM01,"RM01",100.00
COBB,VG03,"VG03",100.00
COBB,KP01,"KP01",100.00
COBB,OR04,"OR04",100.00
COBB,BT02,"BT02",100.00
COBB,NP01,"NP01",100.00
COFFEE,2,"2",100.00
COFFEE,4,"4",100.00
COFFEE,1,"1",100.00
COFFEE,3,"3",100.00
COFFEE,6,"6",100.00
COFFEE,5,"5",100.00
CRAWFORD,5,"5",100.00
CRAWFORD,4,"4",100.00
CRAWFORD,3,"3",100.00
CRAWFORD,1A,"1",90.00
CRAWFORD,2,"2",100.00
FAYETTE,35,"35",100.00
FAYETTE,28,"28",100.00
FAYETTE,08,"08",100.00
FAYETTE,01,"01",100.00
FAYETTE,22,"22",100.00
FAYETTE,30,"30",100.00
FAYETTE,15,"15",100.00
FAYETTE,27,"27",100.00
FAYETTE,09,"09",100.00
FAYETTE,24,"24",100.00
FAYETTE,31,"31",100.00
FAYETTE,34,"34",100.00
FAYETTE,29,"29",100.00
FAYETTE,26,"26",100.00
FAYETTE,19,"19",100.00
FAYETTE,06,"06",100.00
FAYETTE,21,"21",100.00
FAYETTE,05,"05",100.00
FAYETTE,04,"04",100.00
FAYETTE,14,"14",100.00
FAYETTE,25,"25",100.00
FAYETTE,12,"12",100.00
FAYETTE,18,"18",100.00
FAYETTE,02,"02",100.00
FAYETTE,07,"07",100.00
FAYETTE,13,"13",100.00
FAYETTE,23,"23",100.00
FAYETTE,03,"03",100.00
FAYETTE,20,"20",100.00
FAYETTE,36,"36",100.00
FAYETTE,33,"33",100.00
FAYETTE,16,"16",100.00
FAYETTE,32,"32",100.00
FAYETTE,17,"17",100.00
FAYETTE,10,"10",100.00
FAYETTE,11,"11",100.00
FULTON,SS29A,"SS29A",100.00
FULTON,08D,"08D",100.00
FULTON,AP12B,"AP12B",100.00
FULTON,06B,"CP06B",90.00
FULTON,EP02D,"EP02D",100.00
FULTON,SS19B,"SS19B",100.00
FULTON,JC03B,"JC03B",100.00
FULTON,06D1,"06D1",100.00
FULTON,AP07A,"AP07A",100.00
FULTON,HP01,"HP01",100.00
FULTON,ML02A,"ML02A",100.00
FULTON,SS15B,"SS15B",100.00
FULTON,SC20,"SC20",100.00
FULTON,11E2,"11E2",100.00
FULTON,CP081,"CP081",100.00
FULTON,EP02B,"EP02B",100.00
FULTON,JC01,"JC01",100.00
FULTON,ML04,"ML04",100.00
FULTON,CP06A,"CP06A",100.00
FULTON,AP01C,"AP01C",100.00
FULTON,02E,"UC02E",90.00
FULTON,01B,"01B",100.00
FULTON,12A1,"12A1",100.00
FULTON,AP14,"AP14",100.00
FULTON,04D,"04D",100.00
FULTON,08F1,"08F1",100.00
FULTON,04I,"04I",100.00
FULTON,01G,"01G",100.00
FULTON,07D,"07D",100.00
FULTON,09E,"09E",100.00
FULTON,10K,"10K",100.00
FULTON,11M,"11M",100.00
FULTON,JC12,"JC12",100.00
FULTON,09F,"09F",100.00
FULTON,08N2,"08N2",100.00
FULTON,AP02B,"AP02B",100.00
FULTON,AP14,"AP14A",89.00
FULTON,JC16,"JC16",100.00
FULTON,PA01,"PA01",100.00
FULTON,SS04,"SS04",100.00
FULTON,10D,"10D",100.00
FULTON,JC10,"JC10",100.00
FULTON,01T,"01T",100.00
FULTON,12F,"12F",100.00
FULTON,AP01B,"AP01B",100.00
FULTON,09K,"09K",100.00
FULTON,SC05D,"SC05D",100.00
FULTON,02D,"02D",100.00
FULTON,AP01D,"AP01D",100.00
FULTON,JC09,"JC09",100.00
FULTON,SC05E,"SC05E",100.00
FULTON,10D,"10D2",86.00
FULTON,11C,"11C2",86.00
FULTON,RW11A,"RW11A",100.00
FULTON,SC14A,"SC14A",100.00
FULTON,UC02B,"UC02B",100.00
FULTON,SC11A,"SC11A",100.00
FULTON,SC29A,"SC29A",100.00
FULTON,JC04B,"JC04B",100.00
FULTON,09C,"09C",100.00
FULTON,RW02,"RW02",100.00
FULTON,SC30A,"SC30A",100.00
FULTON,04G,"04G",100.00
FULTON,06B,"06B",100.00
FULTON,AP01A,"AP01A",100.00
FULTON,CP07D,"CP07D",100.00
FULTON,SC08D,"SC08D",100.00
FULTON,SC08G,"SC08G",100.00
FULTON,10P,"10P",100.00
FULTON,03P2,"03P2",100.00
FULTON,11H,"11H",100.00
FULTON,EP03A,"EP03A",100.00
FULTON,SC212,"SC212",100.00
FULTON,JC08,"JC08",100.00
FULTON,SS18A,"SS18A",100.00
FULTON,05D,"05D",100.00
FULTON,03H,"03H",100.00
FULTON,SS08B,"SS08B",100.00
FULTON,08B,"08B",100.00
FULTON,02A,"SC02A",90.00
FULTON,SS19A,"SS19A",100.00
FULTON,02W,"02W",100.00
FULTON,SC18B,"SC18B",100.00
FULTON,01C,"01C",100.00
FULTON,09D,"09D",100.00
FULTON,JC07,"JC07",100.00
FULTON,ML06B,"ML06B",100.00
FULTON,RW09,"RW09",100.00
FULTON,SC13,"SC13",100.00
FULTON,CP07B,"CP07B",100.00
FULTON,02L2,"02L2",100.00
FULTON,05C,"05C",100.00
FULTON,UC01E,"UC01E",100.00
FULTON,03D,"03D",100.00
FULTON,11B,"11B",100.00
FULTON,06F,"06F",100.00
FULTON,11B,"11B2",86.00
FULTON,SC30B,"SC30B",100.00
FULTON,01A,"01A",100.00
FULTON,02G,"02G",100.00
FULTON,RW13,"RW13",100.00
FULTON,SC07C,"SC07C",100.00
FULTON,SS01,"SS01",100.00
FULTON,SS02A,"SS02A",100.00
FULTON,07C,"07C",100.00
FULTON,01C,"EP01C",90.00
FULTON,05A2,"05A2",100.00
FULTON,06J,"06J",100.00
FULTON,12A,"12A",100.00
FULTON,ML03,"ML03",100.00
FULTON,03A,"RW03A",90.00
FULTON,11J,"11J",100.00
FULTON,MP01,"MP01",100.00
FULTON,SC08B,"SC08B",100.00
FULTON,03E,"03E",100.00
FULTON,04K,"04K",100.00
FULTON,CH05,"CH05",100.00
FULTON,EP01B,"EP01B",100.00
FULTON,12H2,"12H2",100.00
FULTON,AP05,"AP05",100.00
FULTON,UC031,"UC031",100.00
FULTON,03A,"SS03A",90.00
FULTON,03S,"03S",100.00
FULTON,SS09A,"SS09A",100.00
FULTON,02S,"02S",100.00
FULTON,07B,"07B",100.00
FULTON,CP083,"CP083",100.00
FULTON,SC09B,"SC09B",100.00
FULTON,04S,"04S",100.00
FULTON,08L,"08L",100.00
FULTON,FA01A,"FA01A",100.00
FULTON,SC17A,"SC17A",100.00
FULTON,SC18C,"SC18C",100.00
FULTON,JC13A,"JC13A",100.00
FULTON,JC19,"JC19",100.00
FULTON,RW12,"RW12",100.00
FULTON,11N,"11N",100.00
FULTON,EP04C,"EP04C",100.00
FULTON,SS07B,"SS07B",100.00
FULTON,08G,"08G",100.00
FULTON,AP03,"AP023",89.00
FULTON,AP09B,"AP09B",100.00
FULTON,CP011,"CP011",100.00
FULTON,SS02B,"SS02B",100.00
FULTON,UC01D,"UC01D",100.00
FULTON,02F2,"02F2",100.00
FULTON,SS05,"SS05",100.00
FULTON,07M,"07M",100.00
FULTON,EP02E,"EP02E",100.00
FULTON,SC19B,"SC19B",100.00
FULTON,RW16,"RW16",100.00
FULTON,10A,"RW10A",90.00
FULTON,03M,"03M",100.00
FULTON,10A,"10A",100.00
FULTON,SS17,"SS17",100.00
FULTON,01F,"01F",100.00
FULTON,10R,"10R",100.00
FULTON,CP07E,"CP07E",100.00
FULTON,EP04A,"EP04A",100.00
FULTON,02A1,"02A1",100.00
FULTON,10G,"10G",100.00
FULTON,AP03,"AP03",100.00
FULTON,ML01B,"ML01B",100.00
FULTON,SC23A,"SC23A",100.00
FULTON,SC15,"SC15",100.00
FULTON,09B,"09B",100.00
FULTON,RW03,"RW03",100.00
FULTON,08E,"08E",100.00
FULTON,11B1,"11B1",100.00
FULTON,JC04A,"JC04A",100.00
FULTON,07A,"07A1",86.00
FULTON,FA01D,"FA01D",100.00
FULTON,RW04,"RW04",100.00
FULTON,SS09B,"SS09B",100.00
FULTON,ML07A,"ML07A",100.00
FULTON,SC13,"SC13A",89.00
FULTON,01S,"01S",100.00
FULTON,09G,"09G",100.00
FULTON,CH02,"CH02",100.00
FULTON,01A,"SS01A",90.00
FULTON,04X2,"04X2",100.00
FULTON,AP06,"AP06",100.00
FULTON,UC01B,"UC01B",100.00
FULTON,06D2,"06D2",100.00
FULTON,SC16A,"SC16A",100.00
FULTON,FA01B,"FA01B",100.00
FULTON,SC10,"SC10",100.00
FULTON,08K,"08K",100.00
FULTON,AP022,"AP022",100.00
FULTON,04V,"04V",100.00
FULTON,12N,"12N",100.00
FULTON,ML02B,"ML02B",100.00
FULTON,ML07B,"ML07B",100.00
FULTON,EP03B,"EP03B",100.00
FULTON,04B,"04B",100.00
FULTON,12L,"12L",100.00
FULTON,AP12C,"AP12C",100.00
FULTON,RW19,"RW19",100.00
FULTON,04T,"04T",100.00
FULTON,06I,"06I",100.00
FULTON,11M1,"11M1",100.00
FULTON,CP01B,"CP01B",100.00
FULTON,EP02C,"EP02C",100.00
FULTON,SS11B,"SS11B",100.00
FULTON,06Q,"06Q",100.00
FULTON,JC05,"JC05",100.00
FULTON,06N,"06N",100.00
FULTON,07A,"07A",100.00
FULTON,05C,"CP05C",90.00
FULTON,RW05,"RW05",100.00
FULTON,05B,"05B",100.00
FULTON,09K1,"09K1",100.00
FULTON,12K,"12K",100.00
FULTON,11E3,"11E3",100.00
FULTON,FC02,"FC02",100.00
FULTON,09I,"09I",100.00
FULTON,RW17,"RW17",100.00
FULTON,SC01A,"SC01A",100.00
FULTON,SC08C,"SC08C",100.00
FULTON,RW05,"RW05A",89.00
FULTON,11R,"11R",100.00
FULTON,CH03,"CH03",100.00
FULTON,CP07C,"CP07C",100.00
FULTON,12D,"12D",100.00
FULTON,05A1,"05A1",100.00
FULTON,08A,"08A",100.00
FULTON,SC19A,"SC19A",100.00
FULTON,12G,"12G",100.00
FULTON,JC06,"JC06",100.00
FULTON,SC17C,"SC17C",100.00
FULTON,AP04A,"AP04A",100.00
FULTON,SS14,"SS14",100.00
FULTON,UC032,"UC032",100.00
FULTON,SC07A,"SC07A",100.00
FULTON,SS13B,"SS13B",100.00
FULTON,01H,"01H",100.00
FULTON,08C,"08C1",86.00
FULTON,RW07B,"RW07B",100.00
FULTON,SS22,"SS22",100.00
FULTON,11K,"11K",100.00
FULTON,12I,"12I",100.00
FULTON,SS18B,"SS18B",100.00
FULTON,SC08E,"SC08E",100.00
FULTON,AP09A,"AP09A",100.00
FULTON,SC05B,"SC05B",100.00
FULTON,09A,"09A",100.00
FULTON,07E,"SC07E",90.00
FULTON,06E,"06E",100.00
FULTON,10I,"10I",100.00
FULTON,SC23B,"SC23B",100.00
FULTON,02L1,"02L1",100.00
FULTON,07H,"07H",100.00
FULTON,08E,"SS08E",90.00
FULTON,03C,"03C",100.00
FULTON,06L2,"06L2",100.00
FULTON,10M,"10M",100.00
FULTON,CH01,"CH01",100.00
FULTON,03B,"RW03B",90.00
FULTON,RW20,"RW20",100.00
FULTON,SS06,"SS06",100.00
FULTON,SS20,"SS20",100.00
FULTON,02B,"02B",100.00
FULTON,07D,"07D1",86.00
FULTON,JC03A,"JC03A",100.00
FULTON,RW06,"RW06",100.00
FULTON,AP021,"AP021",100.00
FULTON,EP02A,"EP02A",100.00
FULTON,SS03,"SS03",100.00
FULTON,09M,"09M",100.00
FULTON,04A,"04A",100.00
FULTON,06G,"06G",100.00
FULTON,CP05B,"CP05B",100.00
FULTON,03P1A,"03P1A",100.00
FULTON,SS26,"SS26",100.00
FULTON,03I,"03I",100.00
FULTON,05J,"05J",100.00
FULTON,02J,"02J",100.00
FULTON,10H1,"10H1",100.00
FULTON,11P,"11P",100.00
FULTON,SS16,"SS16",100.00
FULTON,02E,"02E",100.00
FULTON,RW10,"RW10",100.00
FULTON,SS08C,"SS08C",100.00
FULTON,03G,"03G",100.00
FULTON,10J,"10J",100.00
FULTON,08C,"08C",100.00
FULTON,04A,"SS04A",90.00
FULTON,SS07C,"SS07C",100.00
FULTON,JC14,"JC14",100.00
FULTON,SC15A,"SC15A",100.00
FULTON,AP04B,"AP04B",100.00
FULTON,10B,"10B",100.00
FULTON,SC23C,"SC23C",100.00
FULTON,04W,"04W",100.00
FULTON,04X1,"04X1",100.00
FULTON,07E,"07E",100.00
FULTON,02C,"02C",100.00
FULTON,06R,"06R",100.00
FULTON,11C,"11C3",86.00
FULTON,12M,"12M",100.00
FULTON,RW12A,"RW12A",100.00
FULTON,10D,"10D1",86.00
FULTON,04C,"04C",100.00
FULTON,JC11,"JC11",100.00
FULTON,CH04A,"CH04A",100.00
FULTON,JC13B,"JC13B",100.00
FULTON,12E1,"12E1",100.00
FULTON,EP01A,"EP01A",100.00
FULTON,04J,"04J",100.00
FULTON,03A,"03A",100.00
FULTON,03B,"03B",100.00
FULTON,04F,"04F",100.00
FULTON,06D,"06D",100.00
FULTON,01R,"01R",100.00
FULTON,12H1,"12H1",100.00
FULTON,CP012,"CP012",100.00
FULTON,05K,"05K",100.00
FULTON,11C,"11C",100.00
FULTON,JC04C,"JC04C",100.00
FULTON,07D,"SS07D",90.00
FULTON,RW21,"RW21A",89.00
FULTON,02K,"02K",100.00
FULTON,10F,"10F",100.00
FULTON,AP12A,"AP12A",100.00
FULTON,RW09A,"RW09A",100.00
FULTON,ML01A,"ML01A",100.00
FULTON,SC02,"SC02",100.00
FULTON,12J,"12J",100.00
FULTON,SS11C,"SS11C",100.00
FULTON,02A,"02A",100.00
FULTON,02L1A,"02L1A",100.00
FULTON,RW07A,"RW07A",100.00
FULTON,05C,"SC05C",90.00
FULTON,01J,"01J",100.00
FULTON,RW08,"RW08",100.00
FULTON,UC01A,"UC01A",100.00
FULTON,08M,"08M",100.00
FULTON,JC02,"JC02",100.00
FULTON,06L1,"06L1",100.00
FULTON,10H2,"10H2",100.00
FULTON,CP07F,"CP07F",100.00
FULTON,05F,"05F",100.00
FULTON,07N,"07N",100.00
FULTON,JC18,"JC18",100.00
FULTON,SC211,"SC211",100.00
FULTON,SS15A,"SS15A",100.00
FULTON,ML03A,"ML03A",100.00
FULTON,ML06A,"ML06A",100.00
FULTON,SC01B,"SC01B",100.00
FULTON,SC09C,"SC09C",100.00
FULTON,04L,"04L",100.00
FULTON,11E1,"11E1",100.00
FULTON,SS08D,"SS08D",100.00
FULTON,SC08F,"SC08F",100.00
FULTON,04M,"04M",100.00
FULTON,JC15,"JC15",100.00
FULTON,08N1,"08N1",100.00
FULTON,01C,"ML01C",90.00
FULTON,SC18A,"SC18A",100.00
FULTON,UC02C,"UC02C",100.00
FULTON,03T,"03T",100.00
FULTON,SS07A,"SS07A",100.00
FULTON,03L,"03L",100.00
FULTON,CP02,"CP02",100.00
FULTON,07A,"CP07A",90.00
FULTON,SC27,"SC27",100.00
FULTON,01E,"01E",100.00
FULTON,07J,"07J",100.00
FULTON,SC07D,"SC07D",100.00
FULTON,12S,"12S",100.00
FULTON,ML05,"ML05",100.00
FULTON,SC05A,"SC05A",100.00
FULTON,08J,"SC08J",90.00
FULTON,02D,"UC02D",90.00
FULTON,CP08A,"CP08A",100.00
FULTON,01D,"01D",100.00
FULTON,RW21,"RW21",100.00
FULTON,SC04,"SC04",100.00
FULTON,01P,"01P",100.00
FULTON,10C,"10C",100.00
FULTON,RW01,"RW01",100.00
FULTON,AP10,"AP10",100.00
FULTON,04B,"CH04B",90.00
FULTON,JC01A,"JC01A",100.00
FULTON,SC11B,"SC11B",100.00
FULTON,UC02A,"UC02A",100.00
FULTON,CP04B,"CP04B",100.00
FULTON,07F,"07F",100.00
FULTON,08H,"08H",100.00
FULTON,10E,"10E",100.00
FULTON,SC09A,"SC09A",100.00
FULTON,SS31,"SS31",100.00
FULTON,FA01C,"FA01C",100.00
FULTON,03C,"RW03C",90.00
FULTON,SC01C,"SC01C",100.00
FULTON,SS08A,"SS08A",100.00
FULTON,SS11A,"SS11A",100.00
FULTON,AP07B,"AP07B",100.00
FULTON,07C,"AP07C",90.00
FULTON,08P,"08P",100.00
FULTON,CP051,"CP051",100.00
FULTON,08J,"08J",100.00
FULTON,SS12,"SS12",100.00
FULTON,09H,"09H",100.00
FULTON,JC19,"JC19A",89.00
FULTON,RW22A,"RW22A",100.00
FULTON,03F,"03F",100.00
FULTON,02F1,"02F1",100.00
FULTON,03N,"03N",100.00
FULTON,EP04B,"EP04B",100.00
FULTON,SS13A,"SS13A",100.00
FULTON,11G,"11G",100.00
FULTON,SS11D,"SS11D",100.00
SCREVEN,10,"10",100.00
SCREVEN,01,"01",100.00
SCREVEN,11,"11",100.00
SCREVEN,02,"02",100.00
SCREVEN,06,"06",100.00
SCREVEN,12,"12",100.00
SCREVEN,05,"05",100.00
SCREVEN,08,"08",100.00
SCREVEN,04,"04",100.00
SCREVEN,09,"09",100.00
SCREVEN,03,"03",100.00
SCREVEN,07,"07",100.00
TROUP,10,"10",100.00
TROUP,08,"08",100.00
TROUP,16,"16",100.00
TROUP,11,"11",100.00
TROUP,03,"03",100.00
TROUP,12,"12",100.00
TROUP,13,"13",100.00
TROUP,15,"15",100.00
TROUP,06,"06",100.00
TROUP,07,"07",100.00
TROUP,05,"05",100.00
TROUP,01,"01",100.00
TROUP,04,"04",100.00
TROUP,02,"02",100.00
WHITFIELD,TH,"TH",100.00
WHITFIELD,UT,"UT",100.00
WHITFIELD,2A,"2A",100.00
WHITFIELD,3A,"3A",100.00
WHITFIELD,GL,"GL",100.00
WHITFIELD,6A,"6A",100.00
WHITFIELD,TR,"TR",100.00
WHITFIELD,FI,"FI",100.00
WHITFIELD,MC,"MC",100.00
WHITFIELD,4A,"4A",100.00
WHITFIELD,NI,"NI",100.00
WHITFIELD,ES,"ES",100.00
WHITFIELD,LT,"LT",100.00
WHITFIELD,1A,"1A",100.00
WHITFIELD,PG,"PG",100.00
WHITFIELD,CO,"CO",100.00
WHITFIELD,5A,"5A",100.00
WHITFIELD,VA,"VA",100.00
WHITFIELD,CA,"CA",100.00
WHITFIELD,WS,"WS",100.00
WHITFIELD,DG,"DG",100.00
WHITFIELD,TI,"TI",100.00
WHITFIELD,AN,"AN",100.00
BIBB,EM3,"EM3",100.00
BIBB,EM5,"EM5",100.00
BIBB,GF2,"GF2",100.00
BIBB,HA1,"HA1",100.00
BIBB,VV5,"VV5",100.00
BIBB,HO1,"HO1",100.00
BIBB,WA1,"WA1",100.00
BIBB,GF5,"GF5",100.00
BIBB,HA2,"HA2",100.00
BIBB,VV1,"VV1",100.00
BIBB,HO4,"HO4",100.00
BIBB,RU2,"RU2",100.00
BIBB,GF3,"GF3",100.00
BIBB,HO5,"HO5",100.00
BIBB,GF1,"GF1",100.00
BIBB,VV6,"VV6",100.00
BIBB,HO2,"HO2",100.00
BIBB,GF4,"GF4",100.00
BIBB,VV2,"VV2",100.00
BIBB,EM4,"EM4",100.00
BIBB,EM2,"EM2",100.00
BIBB,VV3,"VV3",100.00
BIBB,RU1,"RU1",100.00
BIBB,WA2,"WA2",100.00
BIBB,HO7,"HO7",100.00
BIBB,HO6,"HO6",100.00
BIBB,VV4,"VV4",100.00
BIBB,HA4,"HA4",100.00
BIBB,HA3,"HA3",100.00
BIBB,EM1,"EM1",100.00
BIBB,HO3,"HO3",100.00
BRYAN,9,"9",100.00
BRYAN,4,"4",100.00
BRYAN,2,"2",100.00
BRYAN,7,"7",100.00
BRYAN,6,"6",100.00
BRYAN,10,"10",100.00
BRYAN,3,"3",100.00
BRYAN,5,"5",100.00
BRYAN,1,"1",100.00
BRYAN,8,"8",100.00
CHATHAM,5-02C,"5-02C",100.00
CHATHAM,2-04C,"2-04C",100.00
CHATHAM,2-06C,"2-06C",100.00
CHATHAM,3-11C,"3-11C",100.00
CHATHAM,3-08C,"3-08C",100.00
CHATHAM,3-12C,"3-12C",100.00
CHATHAM,1-17C,"1-17C",100.00
CHATHAM,7-08C,"7-08C",100.00
CHATHAM,1-06C,"1-06C",100.00
CHATHAM,8-06C,"8-06C",100.00
CHATHAM,7-03C,"7-03C",100.00
CHATHAM,7-06C,"7-06C",100.00
CHATHAM,2-05C,"2-05C",100.00
CHATHAM,3-14C,"3-14C",100.00
CHATHAM,2-07C,"2-07C",100.00
CHATHAM,7-16C,"7-16C",100.00
CHATHAM,7-09C,"7-09C",100.00
CHATHAM,1-12C,"1-12C",100.00
CHATHAM,7-12C,"7-12C",100.00
CHATHAM,8-03C,"8-03C",100.00
CHATHAM,1-01C,"1-01C",100.00
CHATHAM,8-13C,"8-13C",100.00
CHATHAM,2-12C,"2-12C",100.00
CHATHAM,1-13C,"1-13C",100.00
CHATHAM,1-08C,"1-08C",100.00
CHATHAM,8-15C,"8-15C",100.00
CHATHAM,8-08C,"8-08C",100.00
CHATHAM,7-10C,"7-10C",100.00
CHATHAM,8-07C,"8-07C",100.00
CHATHAM,3-10C,"3-10C",100.00
CHATHAM,1-09C,"1-09C",100.00
CHATHAM,4-04C,"4-04C",100.00
CHATHAM,7-15C,"7-15C",100.00
CHATHAM,5-08C,"5-08C",100.00
CHATHAM,2-09C,"2-09C",100.00
CHATHAM,6-10C,"6-10C",100.00
CHATHAM,7-13C,"7-13C",100.00
CHATHAM,4-11C,"4-11C",100.00
CHATHAM,7-14C,"7-14C",100.00
CHATHAM,7-05C,"7-05C",100.00
CHATHAM,4-05C,"4-05C",100.00
CHATHAM,6-02C,"6-02C",100.00
CHATHAM,4-13C,"4-13C",100.00
CHATHAM,3-09C,"3-09C",100.00
CHATHAM,4-02C,"4-02C",100.00
CHATHAM,1-10C,"1-10C",100.00
CHATHAM,5-03C,"5-03C",100.00
CHATHAM,3-02C,"3-02C",100.00
CHATHAM,8-02C,"8-02C",100.00
CHATHAM,4-12C,"4-12C",100.00
CHATHAM,7-11C,"7-11C",100.00
CHATHAM,2-03C,"2-03C",100.00
CHATHAM,8-10C,"8-10C",100.00
CHATHAM,4-06C,"4-06C",100.00
CHATHAM,6-09C,"6-09C",100.00
CHATHAM,6-11C,"6-11C",100.00
CHATHAM,3-13C,"3-13C",100.00
CHATHAM,7-07C,"7-07C",100.00
CHATHAM,3-05C,"3-05C",100.00
CHATHAM,8-11C,"8-11C",100.00
CHATHAM,5-07C,"5-07C",100.00
CHATHAM,7-04C,"7-04C",100.00
CHATHAM,8-12C,"8-12C",100.00
CHATHAM,1-05C,"1-05C",100.00
CHATHAM,8-09C,"8-09C",100.00
CHATHAM,4-08C,"4-08C",100.00
CHATHAM,6-01C,"6-01C",100.00
CHATHAM,2-02C,"2-02C",100.00
CHATHAM,3-03C,"3-03C",100.00
CHATHAM,5-05C,"5-05C",100.00
CHATHAM,4-10C,"4-10C",100.00
CHATHAM,6-03C,"6-03C",100.00
CHATHAM,8-01C,"8-01C",100.00
CHATHAM,8-05C,"8-05C",100.00
CHATHAM,8-16C,"8-16C",100.00
CHATHAM,4-14C,"4-14C",100.00
CHATHAM,5-11C,"5-11C",100.00
CHATHAM,7-01C,"7-01C",100.00
CHATHAM,4-07C,"4-07C",100.00
CHATHAM,5-10C,"5-10C",100.00
CHATHAM,3-04C,"3-04C",100.00
CHATHAM,5-06C,"5-06C",100.00
CHATHAM,1-16C,"1-16C",100.00
CHATHAM,2-11C,"2-11C",100.00
CHATHAM,6-08C,"6-08C",100.00
CHATHAM,6-05C,"6-05C",100.00
CHATHAM,6-06C,"6-06C",100.00
CHATHAM,1-14C,"1-14C",100.00
CLAYTON,FP2,"FP2",100.00
CLAYTON,JB14,"JB14",100.00
CLAYTON,RD06,"RD06",100.00
CLAYTON,JB04,"JB04",100.00
CLAYTON,LJ7,"LJ7",100.00
CLAYTON,RD05,"RD05",100.00
CLAYTON,JB10,"JB10",100.00
CLAYTON,FP5,"FP5",100.00
CLAYTON,PH2,"PH2",100.00
CLAYTON,RD01,"RD01",100.00
CLAYTON,LJ3,"LJ3",100.00
CLAYTON,MO2,"MO2",100.00
CLAYTON,JB18,"JB18",100.00
CLAYTON,PH1,"PH1",100.00
CLAYTON,LJ1,"LJ1",100.00
CLAYTON,MO6,"MO6",100.00
CLAYTON,JB16,"JB16",100.00
CLAYTON,JB19,"JB19",100.00
CLAYTON,MO3,"MO3",100.00
CLAYTON,RD04,"RD04",100.00
CLAYTON,RD12,"RD12",100.00
CLAYTON,JB09,"JB09",100.00
CLAYTON,JB11,"JB11",100.00
CLAYTON,MO7,"MO7",100.00
CLAYTON,MO5,"MO5",100.00
CLAYTON,JB05,"JB05",100.00
CLAYTON,RD02,"RD02",100.00
CLAYTON,LJ2,"LJ2",100.00
CLAYTON,FP4,"FP4",100.00
CLAYTON,MO1,"MO1",100.00
CLAYTON,FP1,"FP1",100.00
CLAYTON,LJ4,"LJ4",100.00
CLAYTON,JB12,"JB12",100.00
CLAYTON,JB15,"JB15",100.00
CLAYTON,OAK4,"OAK4",100.00
CLAYTON,OAK5,"OAK5",100.00
CLAYTON,JB06,"JB06",100.00
CLAYTON,LC1,"LC1",100.00
CLAYTON,RD09,"RD09",100.00
CLAYTON,MO8,"MO8",100.00
CLAYTON,FP6,"FP6",100.00
CLAYTON,EW1,"EW1",100.00
CLAYTON,EW2,"EW2",100.00
CLAYTON,RD07,"RD07",100.00
CLAYTON,MO4,"MO4",100.00
CLAYTON,MO11,"MO11",100.00
CLAYTON,JB17,"JB17",100.00
CLAYTON,OAK2,"OAK2",100.00
CLAYTON,OAK3,"OAK3",100.00
CLAYTON,JB03,"JB03",100.00
CLAYTON,LJ6,"LJ6",100.00
CLAYTON,JB02,"JB02",100.00
CLAYTON,MO10,"MO10",100.00
CLAYTON,RD03,"RD03",100.00
CLAYTON,LJ5,"LJ5",100.00
CLAYTON,FP3,"FP3",100.00
CLAYTON,JB08,"JB08",100.00
CLAYTON,RD11,"RD11",100.00
CLAYTON,JB13,"JB13",100.00
CLAYTON,MO9,"MO9",100.00
CLAYTON,RD08,"RD08",100.00
CLAYTON,OAK1,"OAK1",100.00
CLAYTON,JB07,"JB07",100.00
CLAYTON,JB01,"JB01",100.00
CLAYTON,RD10,"RD10",100.00
PAULDING,0010B,"0010B",100.00
PAULDING,0003C,"0003C",100.00
PAULDING,0004C,"0004C",100.00
PAULDING,0013B,"0013B",100.00
PAULDING,0005C,"0005C",100.00
PAULDING,0015C,"0015C",100.00
PAULDING,0007B,"0007B",100.00
PAULDING,0008C,"0008C",100.00
PAULDING,0016C,"0016C",100.00
PAULDING,0014B,"0014B",100.00
PAULDING,0019C,"0019C",100.00
PAULDING,0017C,"0017C",100.00
PAULDING,0012C,"0012C",100.00
PAULDING,0001B,"0001B",100.00
PAULDING,0006B,"0006B",100.00
PAULDING,0011C,"0011C",100.00
PAULDING,0002C,"0002C",100.00
PAULDING,0009B,"0009B",100.00
RICHMOND,201,"201",100.00
RICHMOND,701,"701",100.00
RICHMOND,507,"507",100.00
RICHMOND,604,"604",100.00
RICHMOND,605,"605",100.00
RICHMOND,103,"103",100.00
RICHMOND,208,"208",100.00
RICHMOND,601,"601",100.00
RICHMOND,308,"308",100.00
RICHMOND,709,"709",100.00
RICHMOND,304,"304",100.00
RICHMOND,803,"803",100.00
RICHMOND,207,"207",100.00
RICHMOND,703,"703",100.00
RICHMOND,104,"104",100.00
RICHMOND,801B,"801B",100.00
RICHMOND,307,"307",100.00
RICHMOND,401,"401",100.00
RICHMOND,807,"807",100.00
RICHMOND,707,"707",100.00
RICHMOND,202,"202",100.00
RICHMOND,210,"210",100.00
RICHMOND,310,"310",100.00
RICHMOND,406,"406",100.00
RICHMOND,301,"301",100.00
RICHMOND,708,"708",100.00
RICHMOND,109,"109",100.00
RICHMOND,106,"106",100.00
RICHMOND,111,"111",100.00
RICHMOND,107,"107",100.00
RICHMOND,501,"501",100.00
RICHMOND,101,"101",100.00
RICHMOND,306,"306",100.00
RICHMOND,105,"105",100.00
RICHMOND,706,"706",100.00
RICHMOND,802,"802",100.00
RICHMOND,502,"502",100.00
RICHMOND,115,"115",100.00
RICHMOND,303,"303",100.00
RICHMOND,810,"810",100.00
RICHMOND,503,"503",100.00
RICHMOND,102,"102",100.00
RICHMOND,806,"806",100.00
RICHMOND,506,"506",100.00
RICHMOND,608,"608",100.00
RICHMOND,607,"607",100.00
RICHMOND,804,"804",100.00
RICHMOND,504,"504",100.00
RICHMOND,702,"702",100.00
RICHMOND,402,"402",100.00
RICHMOND,804H,"804H",100.00
RICHMOND,405,"405",100.00
RICHMOND,112,"112",100.00
RICHMOND,203,"203",100.00
RICHMOND,805,"805",100.00
RICHMOND,801,"801",100.00
RICHMOND,108,"108",100.00
RICHMOND,204,"204",100.00
RICHMOND,808,"808",100.00
RICHMOND,705,"705",100.00
RICHMOND,302,"302",100.00
BALDWIN,CTY3,"CTY3",100.00
BALDWIN,CTY1,"CTY1",100.00
BALDWIN,CTY5,"CTY5",100.00
BALDWIN,322,"322",100.00
BALDWIN,321W,"321W",100.00
BALDWIN,CTY2,"CTY2",100.00
BALDWIN,CTY4,"CTY4",100.00
BALDWIN,321E,"321E",100.00
BALDWIN,MONT,"MONT",100.00
BALDWIN,318,"318",100.00
BALDWIN,CTY6,"CTY6",100.00
BALDWIN,319,"319",100.00
BALDWIN,MERI,"MERI",100.00
BALDWIN,1714,"1714",100.00
CLARKE,1B,"1B",100.00
CLARKE,8B,"8B",100.00
CLARKE,6C,"6C",100.00
CLARKE,6B,"6B",100.00
CLARKE,6D,"6D",100.00
CLARKE,1A,"1A",100.00
CLARKE,4B,"4B",100.00
CLARKE,4A,"4A",100.00
CLARKE,1D,"1D",100.00
CLARKE,8C,"8C",100.00
CLARKE,2A,"2A",100.00
CLARKE,3B,"3B",100.00
CLARKE,5C,"5C",100.00
CLARKE,7C,"7C",100.00
CLARKE,7B,"7B",100.00
CLARKE,5B,"5B",100.00
CLARKE,5A,"5A",100.00
CLARKE,2B,"2B",100.00
CLARKE,7A,"7A",100.00
CLARKE,6A,"6A",100.00
CLARKE,3A,"3A",100.00
CLARKE,1C,"1C",100.00
CLARKE,8A,"8A",100.00
CLARKE,5D,"5D",100.00
COLUMBIA,017,"017",100.00
COLUMBIA,110,"110",100.00
COLUMBIA,051,"051",100.00
COLUMBIA,050,"050",100.00
COLUMBIA,062,"062",100.00
COLUMBIA,040,"040",100.00
COLUMBIA,109,"109",100.00
COLUMBIA,111,"111",100.00
COLUMBIA,018,"018",100.00
COLUMBIA,135,"135",100.00
COLUMBIA,061,"061",100.00
COLUMBIA,064,"064",100.00
COLUMBIA,115,"115",100.00
COLUMBIA,022,"022",100.00
COLUMBIA,034,"034",100.00
COLUMBIA,080,"080",100.00
COLUMBIA,134,"134",100.00
COLUMBIA,076,"076",100.00
COLUMBIA,032,"032",100.00
COLUMBIA,030,"030",100.00
COLUMBIA,075,"075",100.00
COLUMBIA,025,"025",100.00
COLUMBIA,120,"120",100.00
COLUMBIA,065,"065",100.00
COLUMBIA,108,"108",100.00
COLUMBIA,033,"033",100.00
COLUMBIA,031,"031",100.00
COLUMBIA,137,"137",100.00
COLUMBIA,026,"026",100.00
COLUMBIA,015,"015",100.00
COLUMBIA,125,"125",100.00
COLUMBIA,130,"130",100.00
COLUMBIA,063,"063",100.00
COLUMBIA,136,"136",100.00
COLUMBIA,070,"070",100.00
COLUMBIA,107,"107",100.00
COLUMBIA,020,"020",100.00
COLUMBIA,132,"132",100.00
COLUMBIA,085,"085",100.00
COLUMBIA,090,"090",100.00
COLUMBIA,105,"105",100.00
COLUMBIA,010,"010",100.00
COLUMBIA,016,"016",100.00
COLUMBIA,024,"024",100.00
COLUMBIA,131,"131",100.00
COLUMBIA,060,"060",100.00
COLUMBIA,100,"100",100.00
COWETA,23,"23",100.00
COWETA,20,"20",100.00
COWETA,05,"05",100.00
COWETA,17,"17",100.00
COWETA,07,"07",100.00
COWETA,27,"27",100.00
COWETA,18,"18",100.00
COWETA,26,"26",100.00
COWETA,14,"14",100.00
COWETA,19,"19",100.00
COWETA,09,"09",100.00
COWETA,22,"22",100.00
COWETA,21,"21",100.00
COWETA,24,"24",100.00
COWETA,04,"04",100.00
COWETA,03,"03",100.00
COWETA,12,"12",100.00
COWETA,25,"25",100.00
COWETA,10,"10",100.00
COWETA,01,"01",100.00
COWETA,06,"06",100.00
COWETA,13,"13",100.00
COWETA,15,"15",100.00
COWETA,11,"11",100.00
COWETA,02,"02",100.00
FLOYD,125,"125",100.00
FLOYD,105,"105",100.00
FLOYD,130,"130",100.00
FLOYD,085,"085",100.00
FLOYD,140,"140",100.00
FLOYD,060,"060",100.00
FLOYD,030,"030",100.00
FLOYD,110,"110",100.00
FLOYD,115,"115",100.00
FLOYD,055,"055",100.00
FLOYD,080,"080",100.00
FLOYD,050,"050",100.00
FLOYD,010,"010",100.00
FLOYD,075,"075",100.00
FLOYD,035,"035",100.00
FLOYD,020,"020",100.00
FLOYD,090,"090",100.00
FLOYD,015,"015",100.00
FLOYD,045,"045",100.00
FLOYD,135,"135",100.00
FLOYD,001,"001",100.00
FLOYD,025,"025",100.00
FLOYD,065,"065",100.00
FLOYD,040,"040",100.00
FLOYD,076,"076",100.00
GWINNETT,155,"155",100.00
GWINNETT,064,"064",100.00
GWINNETT,082,"082",100.00
GWINNETT,114,"114",100.00
GWINNETT,140,"140",100.00
GWINNETT,032,"032",100.00
GWINNETT,047,"047",100.00
GWINNETT,058,"058",100.00
GWINNETT,031,"031",100.00
GWINNETT,057,"057",100.00
GWINNETT,020,"020",100.00
GWINNETT,073,"073",100.00
GWINNETT,099,"099",100.00
GWINNETT,071,"071",100.00
GWINNETT,004,"004",100.00
GWINNETT,119,"119",100.00
GWINNETT,044,"044",100.00
GWINNETT,011,"011",100.00
GWINNETT,035,"035",100.00
GWINNETT,065,"065",100.00
GWINNETT,097,"097",100.00
GWINNETT,143,"143",100.00
GWINNETT,043,"043",100.00
GWINNETT,050,"050",100.00
GWINNETT,120,"120",100.00
GWINNETT,146,"146",100.00
GWINNETT,135,"135",100.00
GWINNETT,062,"062",100.00
GWINNETT,037,"037",100.00
GWINNETT,118,"118",100.00
GWINNETT,125,"125",100.00
GWINNETT,153,"153",100.00
GWINNETT,112,"112",100.00
GWINNETT,001,"001",100.00
GWINNETT,091,"091",100.00
GWINNETT,139,"139",100.00
GWINNETT,117,"117",100.00
GWINNETT,054,"054",100.00
GWINNETT,133,"133",100.00
GWINNETT,142,"142",100.00
GWINNETT,127,"127",100.00
GWINNETT,076,"076",100.00
GWINNETT,103,"103",100.00
GWINNETT,122,"122",100.00
GWINNETT,113,"113",100.00
GWINNETT,014,"014",100.00
GWINNETT,137,"137",100.00
GWINNETT,045,"045",100.00
GWINNETT,006,"006",100.00
GWINNETT,008,"008",100.00
GWINNETT,080,"080",100.00
GWINNETT,152,"152",100.00
GWINNETT,092,"092",100.00
GWINNETT,090,"090",100.00
GWINNETT,093,"093",100.00
GWINNETT,150,"150",100.00
GWINNETT,136,"136",100.00
GWINNETT,056,"056",100.00
GWINNETT,095,"095",100.00
GWINNETT,108,"108",100.00
GWINNETT,134,"134",100.00
GWINNETT,033,"033",100.00
GWINNETT,025,"025",100.00
GWINNETT,048,"048",100.00
GWINNETT,016,"016",100.00
GWINNETT,086,"086",100.00
GWINNETT,010,"010",100.00
GWINNETT,019,"019",100.00
GWINNETT,070,"070",100.00
GWINNETT,002,"002",100.00
GWINNETT,046,"046",100.00
GWINNETT,026,"026",100.00
GWINNETT,034,"034",100.00
GWINNETT,084,"084",100.00
GWINNETT,101,"101",100.00
GWINNETT,087,"087",100.00
GWINNETT,072,"072",100.00
GWINNETT,156,"156",100.00
GWINNETT,151,"151",100.00
GWINNETT,068,"068",100.00
GWINNETT,130,"130",100.00
GWINNETT,094,"094",100.00
GWINNETT,059,"059",100.00
GWINNETT,111,"111",100.00
GWINNETT,081,"081",100.00
GWINNETT,102,"102",100.00
GWINNETT,131,"131",100.00
GWINNETT,105,"105",100.00
GWINNETT,005,"005",100.00
GWINNETT,074,"074",100.00
GWINNETT,123,"123",100.00
GWINNETT,154,"154",100.00
GWINNETT,128,"128",100.00
GWINNETT,052,"052",100.00
GWINNETT,029,"029",100.00
GWINNETT,041,"041",100.00
GWINNETT,060,"060",100.00
GWINNETT,063,"063",100.00
GWINNETT,061,"061",100.00
GWINNETT,088,"088",100.00
GWINNETT,055,"055",100.00
GWINNETT,104,"104",100.00
GWINNETT,027,"027",100.00
GWINNETT,085,"085",100.00
GWINNETT,126,"126",100.00
GWINNETT,096,"096",100.00
GWINNETT,009,"009",100.00
GWINNETT,051,"051",100.00
GWINNETT,144,"144",100.00
GWINNETT,017,"017",100.00
GWINNETT,100,"100",100.00
GWINNETT,132,"132",100.00
GWINNETT,098,"098",100.00
GWINNETT,124,"124",100.00
GWINNETT,024,"024",100.00
GWINNETT,040,"040",100.00
GWINNETT,141,"141",100.00
GWINNETT,003,"003",100.00
GWINNETT,039,"039",100.00
GWINNETT,028,"028",100.00
GWINNETT,075,"075",100.00
GWINNETT,083,"083",100.00
GWINNETT,147,"147",100.00
GWINNETT,038,"038",100.00
GWINNETT,067,"067",100.00
GWINNETT,110,"110",100.00
GWINNETT,036,"036",100.00
GWINNETT,106,"106",100.00
GWINNETT,021,"021",100.00
GWINNETT,013,"013",100.00
GWINNETT,007,"007",100.00
GWINNETT,069,"069",100.00
GWINNETT,066,"066",100.00
GWINNETT,121,"121",100.00
GWINNETT,148,"148",100.00
GWINNETT,109,"109",100.00
GWINNETT,107,"107",100.00
GWINNETT,116,"116",100.00
GWINNETT,012,"012",100.00
GWINNETT,042,"042",100.00
GWINNETT,149,"149",100.00
GWINNETT,129,"129",100.00
GWINNETT,138,"138",100.00
GWINNETT,145,"145",100.00
GWINNETT,079,"079",100.00
GWINNETT,022,"022",100.00
GWINNETT,015,"015",100.00
GWINNETT,018,"018",100.00
GWINNETT,049,"049",100.00
GWINNETT,078,"078",100.00
GWINNETT,053,"053",100.00
GWINNETT,077,"077",100.00
GWINNETT,115,"115",100.00
GWINNETT,023,"023",100.00
GWINNETT,030,"030",100.00
GWINNETT,089,"089",100.00
HARALSON,05,"05",100.00
HARALSON,11,"11",100.00
HARALSON,12,"12",100.00
HARALSON,06,"06",100.00
HARALSON,10,"10",100.00
HARALSON,08,"08",100.00
HARALSON,09,"09",100.00
HARALSON,02,"02",100.00
HARALSON,04,"04",100.00
HARALSON,07,"07",100.00
HARALSON,13,"13",100.00
HARALSON,03,"03",100.00
UNION,10,"10",100.00
UNION,5,"5",100.00
UNION,3,"3",100.00
UNION,8,"8",100.00
UNION,6,"6",100.00
UNION,7,"7",100.00
UNION,4,"4",100.00
UNION,2,"2",100.00
UNION,9,"9",100.00
UNION,1,"1",100.00
UNION,11,"11",100.00
CAMDEN,10,"10",100.00
CAMDEN,08,"08",100.00
CAMDEN,05,"05",100.00
CAMDEN,06,"06",100.00
CAMDEN,02,"02",100.00
CAMDEN,11,"11",100.00
CAMDEN,13,"13",100.00
CAMDEN,09,"09",100.00
CAMDEN,07,"07",100.00
CAMDEN,12,"12",100.00
CAMDEN,01,"01",100.00
CAMDEN,03,"03",100.00
CAMDEN,14,"14",100.00
CAMDEN,04,"04",100.00
CRISP,LISTO,"LISTO",100.00
CRISP,JAMES,"JAMES",100.00
CRISP,CONEY,"CONEY",100.00
CRISP,ARABI,"ARABI",100.00
CRISP,CORDE,"CORDE",100.00
DAWSON,03,"03",100.00
DAWSON,01,"01",100.00
DAWSON,02,"02",100.00
DEKALB,DG,"DG",100.00
DEKALB,SF,"SF",100.00
DEKALB,CO,"CO",100.00
DEKALB,MA,"MA",100.00
DEKALB,DE,"DE",100.00
DEKALB,WL,"WL",100.00
DEKALB,KB,"KB",100.00
DEKALB,RI,"RI",100.00
DEKALB,SV,"SV",100.00
DEKALB,LH,"LH",100.00
DEKALB,WD,"WD",100.00
DEKALB,SI,"SI",100.00
DEKALB,CG,"CG",100.00
DEKALB,CV,"CV",100.00
DEKALB,NC,"NC",100.00
DEKALB,RG,"RG",100.00
DEKALB,MN,"MN",100.00
DEKALB,LE,"LE",100.00
DEKALB,MT,"MT",100.00
DEKALB,ND,"ND",100.00
DEKALB,PR,"PR",100.00
DEKALB,MZ,"MZ",100.00
DEKALB,BR,"BR",100.00
DEKALB,CX,"CX",100.00
DEKALB,SA,"SA",100.00
DEKALB,AG,"AG",100.00
DEKALB,KA,"KA",100.00
DEKALB,SY,"SY",100.00
DEKALB,CE,"CE",100.00
DEKALB,MK,"MK",100.00
DEKALB,RK,"RK",100.00
DEKALB,CF,"CF",100.00
DEKALB,SQ,"SQ",100.00
DEKALB,GD,"GD",100.00
DEKALB,SK,"SK",100.00
DEKALB,WN,"WN",100.00
DEKALB,CJ,"CJ",100.00
DEKALB,HA,"HA",100.00
DEKALB,MI,"MI",100.00
DEKALB,AF,"AF",100.00
DEKALB,AB,"AB",100.00
DEKALB,MC,"MC",100.00
DEKALB,TA,"TA",100.00
DEKALB,OK,"OK",100.00
DEKALB,SC,"SC",100.00
DEKALB,DC,"DC",100.00
DEKALB,MH,"MH",100.00
DEKALB,MO,"MO",100.00
DEKALB,SE,"SE",100.00
DEKALB,AD,"AD",100.00
DEKALB,BC,"BC",100.00
DEKALB,HB,"HB",100.00
DEKALB,HF,"HF",100.00
DEKALB,DH,"DH",100.00
DEKALB,NF,"NF",100.00
DEKALB,BH,"BH",100.00
DEKALB,MP,"MP",100.00
DEKALB,PB,"PB",100.00
DEKALB,RL,"RL",100.00
DEKALB,WI,"WI",100.00
DEKALB,CQ,"CQ",100.00
DEKALB,PF,"PF",100.00
DEKALB,SB,"SB",100.00
DEKALB,CU,"CU",100.00
DEKALB,MQ,"MQ",100.00
DEKALB,SW,"SW",100.00
DEKALB,PI,"PI",100.00
DEKALB,WJ,"WJ",100.00
DEKALB,OV,"OV",100.00
DEKALB,RC,"RC",100.00
DEKALB,CA,"CA",100.00
DEKALB,CS,"CS",100.00
DEKALB,CZ,"CZ",100.00
DEKALB,ST,"ST",100.00
DEKALB,FB,"FB",100.00
DEKALB,MB,"MB",100.00
DEKALB,RF,"RF",100.00
DEKALB,AA,"AA",100.00
DEKALB,CD,"CD",100.00
DEKALB,FG,"FG",100.00
DEKALB,LV,"LV",100.00
DEKALB,BG,"BG",100.00
DEKALB,CY,"CY",100.00
DEKALB,GB,"GB",100.00
DEKALB,IB,"IB",100.00
DEKALB,RA,"RA",100.00
DEKALB,CT,"CT",100.00
DEKALB,RM,"RM",100.00
DEKALB,BL,"BL",100.00
DEKALB,MJ,"MJ",100.00
DEKALB,WA,"WA",100.00
DEKALB,CK,"CK",100.00
DEKALB,SL,"SL",100.00
DEKALB,DA,"DA",100.00
DEKALB,DF,"DF",100.00
DEKALB,FM,"FM",100.00
DEKALB,GA,"GA",100.00
DEKALB,JB,"JB",100.00
DEKALB,FJ,"FJ",100.00
DEKALB,FK,"FK",100.00
DEKALB,JA,"JA",100.00
DEKALB,SP,"SP",100.00
DEKALB,TG,"TG",100.00
DEKALB,ML,"ML",100.00
DEKALB,SN,"SN",100.00
DEKALB,HH,"HH",100.00
DEKALB,OA,"OA",100.00
DEKALB,EC,"EC",100.00
DEKALB,GC,"GC",100.00
DEKALB,CW,"CW",100.00
DEKALB,DB,"DB",100.00
DEKALB,LB,"LB",100.00
DEKALB,AI,"AI",100.00
DEKALB,FE,"FE",100.00
DEKALB,RD,"RD",100.00
DEKALB,BB,"BB",100.00
DEKALB,SU,"SU",100.00
DEKALB,IA,"IA",100.00
DEKALB,BD,"BD",100.00
DEKALB,SO,"SO",100.00
DEKALB,WG,"WG",100.00
DEKALB,CB,"CB",100.00
DEKALB,MV,"MV",100.00
DEKALB,RH,"RH",100.00
DEKALB,DI,"DI",100.00
DEKALB,CN,"CN",100.00
DEKALB,DD,"DD",100.00
DEKALB,FL,"FL",100.00
DEKALB,TF,"TF",100.00
DEKALB,LC,"LC",100.00
DEKALB,MF,"MF",100.00
DEKALB,VB,"VB",100.00
DEKALB,CH,"CH",100.00
DEKALB,CP,"CP",100.00
DEKALB,PE,"PE",100.00
DEKALB,AH,"AH",100.00
DEKALB,EF,"EF",100.00
DEKALB,HI,"HI",100.00
DEKALB,TC,"TC",100.00
DEKALB,MG,"MG",100.00
DEKALB,PG,"PG",100.00
DEKALB,PN,"PN",100.00
DEKALB,SG,"SG",100.00
DEKALB,BF,"BF",100.00
DEKALB,SS,"SS",100.00
DEKALB,HC,"HC",100.00
DEKALB,CC,"CC",100.00
DEKALB,CL,"CL",100.00
DEKALB,HG,"HG",100.00
DEKALB,OB,"OB",100.00
DEKALB,LA,"LA",100.00
DEKALB,GF,"GF",100.00
DEKALB,WB,"WB",100.00
DEKALB,PH,"PH",100.00
DEKALB,AE,"AE",100.00
DEKALB,RE,"RE",100.00
DEKALB,FC,"FC",100.00
DEKALB,YA,"YA",100.00
DEKALB,MD,"MD",100.00
DEKALB,MS,"MS",100.00
DEKALB,BE,"BE",100.00
DEKALB,CI,"CI",100.00
DEKALB,LD,"LD",100.00
DEKALB,CR,"CR",100.00
DEKALB,EA,"EA",100.00
DEKALB,NB,"NB",100.00
DEKALB,PC,"PC",100.00
DEKALB,RJ,"RJ",100.00
DEKALB,EG,"EG",100.00
DEKALB,SD,"SD",100.00
DEKALB,MW,"MW",100.00
DEKALB,FA,"FA",100.00
DEKALB,PA,"PA",100.00
DEKALB,SJ,"SJ",100.00
DEKALB,WK,"WK",100.00
DEKALB,SH,"SH",100.00
DEKALB,ME,"ME",100.00
DEKALB,ER,"ER",100.00
DEKALB,BI,"BI",100.00
DEKALB,KC,"KC",100.00
DEKALB,KE,"KE",100.00
DEKALB,KG,"KG",100.00
DEKALB,CM,"CM",100.00
DEKALB,SR,"SR",100.00
DEKALB,MR,"MR",100.00
DEKALB,SM,"SM",100.00
DEKALB,WF,"WF",100.00
DEKALB,MU,"MU",100.00
DEKALB,BJ,"BJ",100.00
DEKALB,TH,"TH",100.00
DEKALB,BM,"BM",100.00
IRWIN,1529,"1529",100.00
IRWIN,0901,"0901",100.00
IRWIN,1753,"1753",100.00
LEE,10,"10",100.00
LEE,9,"9",100.00
LEE,5,"5",100.00
LEE,4,"4",100.00
LEE,8,"8",100.00
LEE,2,"2",100.00
LEE,3,"3",100.00
LEE,6,"6",100.00
LEE,1,"1",100.00
LEE,7,"7",100.00
TREUTLEN,SOPE,"SOPE",100.00
TREUTLEN,ANNEX,"ANNEX",100.00
WALKER,1501,"1501",100.00
WALKER,1161,"1161",100.00
WALKER,0944,"0944",100.00
WALKER,1809,"1809",100.00
WALKER,1851,"1851",100.00
WALKER,0871,"0871",100.00
WALKER,0917,"0917",100.00
WALKER,1893,"1893",100.00
WALKER,0953,"0953",100.00
WALKER,1818,"1818",100.00
WALKER,1812,"1812",100.00
WALTON,417,"417",100.00
WALTON,1675,"1675",100.00
WALTON,419,"419",100.00
WALTON,250,"250",100.00
WALTON,1663,"1663",100.00
WALTON,502,"502",100.00
WALTON,421,"421",100.00
WALTON,559,"559",100.00
WALTON,426,"426",100.00
WALTON,422,"422",100.00
WALTON,503,"503",100.00
WALTON,423,"423",100.00
WALTON,425,"425",100.00
WALTON,418,"418",100.00
WALTON,427,"427",100.00
WALTON,424,"424",100.00
WALTON,416,"416",100.00
WALTON,415,"415",100.00
WALTON,454,"454",100.00
WALTON,420,"420",100.00
WALTON,414,"414",100.00
GILMER,12,"12",100.00
GILMER,13,"13",100.00
GILMER,04,"04",100.00
GILMER,01,"01",100.00
GILMER,07,"07",100.00
GILMER,09,"09",100.00
GILMER,10,"10",100.00
GILMER,08,"08",100.00
GILMER,11,"11",100.00
GILMER,05,"05",100.00
GILMER,06,"06",100.00
GILMER,03,"03",100.00
GILMER,02,"02",100.00
LINCOLN,1-A,"1-A",100.00
LINCOLN,2,"2",100.00
LINCOLN,4-A,"4-A",100.00
LINCOLN,3-B,"3-B",100.00
LINCOLN,4-B,"4-B",100.00
LINCOLN,3-A,"3-A",100.00
LINCOLN,1-B,"1-B",100.00
WORTH,12,"12",100.00
WORTH,10,"10",100.00
WORTH,6,"6",100.00
WORTH,3,"3",100.00
WORTH,9,"9",100.00
WORTH,11,"11",100.00
WORTH,4,"4",100.00
WORTH,7,"7",100.00
WORTH,2,"2",100.00
WORTH,1,"1",100.00
WORTH,14,"14",100.00
WORTH,15,"15",100.00
BULLOCH,12,"12",100.00
BULLOCH,7,"7",100.00
BULLOCH,14,"14",100.00
BULLOCH,10,"10",100.00
BULLOCH,1,"1",100.00
BULLOCH,5,"5",100.00
BULLOCH,9,"9",100.00
BULLOCH,8,"8",100.00
BULLOCH,11,"11",100.00
BULLOCH,4,"4",100.00
BULLOCH,13,"13",100.00
BULLOCH,16,"16",100.00
BULLOCH,15,"15",100.00
BULLOCH,3,"3",100.00
BULLOCH,2,"2",100.00
BULLOCH,6,"6",100.00
CARROLL,1540,"1540",100.00
CARROLL,1006,"1006",100.00
CARROLL,713,"713",100.00
CARROLL,1483,"1483",100.00
CARROLL,649,"649",100.00
CARROLL,714A3,"714A3",100.00
CARROLL,682,"682",100.00
CARROLL,650,"650",100.00
CARROLL,501,"501",100.00
CARROLL,1111,"1111",100.00
CARROLL,1533,"1533",100.00
CARROLL,714BN,"714BN",100.00
CARROLL,714A1,"714A1",100.00
CARROLL,1542,"1542",100.00
CARROLL,1122,"1122",100.00
CARROLL,641,"641",100.00
CARROLL,1240,"1240",100.00
CARROLL,1371,"1371",100.00
CARROLL,714BW,"714BW",100.00
CARROLL,640,"640",100.00
CARROLL,714A6,"714A6",100.00
CARROLL,642,"642",100.00
CARROLL,715,"715",100.00
CARROLL,714A4,"714A4",100.00
CARROLL,1496,"1496",100.00
CARROLL,1152,"1152",100.00
CARROLL,714A2,"714A2",100.00
CARROLL,714A5,"714A5",100.00
FANNIN,TOCC,"TOCC",100.00
FANNIN,FAIR,"FAIR",100.00
FANNIN,COLW,"COLW",100.00
FANNIN,SKEN,"SKEN",100.00
FANNIN,SUGC,"SUGC",100.00
FANNIN,NOON,"NOON",100.00
FANNIN,HOTH,"HOTH",100.00
FANNIN,HEMP,"HEMP",100.00
FANNIN,MINE,"MINE",100.00
FANNIN,MOBI,"MOBI",100.00
FANNIN,MORG,"MORG",100.00
FANNIN,FLIN,"FLIN",100.00
HALL,024,"024",100.00
HALL,029,"029",100.00
HALL,011,"011",100.00
HALL,004,"004",100.00
HALL,020,"020",100.00
HALL,010,"010",100.00
HALL,013,"013",100.00
HALL,021,"021",100.00
HALL,006,"006",100.00
HALL,028,"028",100.00
HALL,023,"023",100.00
HALL,025,"025",100.00
HALL,014,"014",100.00
HALL,001,"001",100.00
HALL,015,"015",100.00
HALL,027,"027",100.00
HALL,019,"019",100.00
HALL,018,"018",100.00
HALL,007,"007",100.00
HALL,026,"026",100.00
HALL,009,"009",100.00
HALL,017,"017",100.00
HALL,002,"002",100.00
HALL,016,"016",100.00
HALL,030,"030",100.00
HALL,012,"012",100.00
HALL,008,"008",100.00
HALL,003,"003",100.00
HALL,022,"022",100.00
HALL,005,"005",100.00
HALL,031,"031",100.00
HOUSTON,TWPK,"TWPK",100.00
HOUSTON,HCTC,"HCTC",100.00
HOUSTON,CENT,"CENT",100.00
HOUSTON,HEFS,"HEFS",100.00
HOUSTON,ANNX,"ANNX",100.00
HOUSTON,VHS,"VHS",100.00
HOUSTON,BMS,"BMS",100.00
HOUSTON,TMS,"TMS",100.00
HOUSTON,FMMS,"FMMS",100.00
HOUSTON,HAFS,"HAFS",100.00
HOUSTON,HHPC,"HHPC",100.00
HOUSTON,CGTC,"CGTC",100.00
HOUSTON,ROZR,"ROZR",100.00
HOUSTON,MCMS,"MCMS",100.00
JACKSON,4000,"4000",100.00
JACKSON,1000,"1000",100.00
JACKSON,2000,"2000",100.00
JACKSON,3000,"3000",100.00
MADISON,PAO,"PAO",100.00
MADISON,COB,"COB",100.00
MADISON,FOR,"FOR",100.00
MADISON,PIT,"PIT",100.00
MADISON,ILA,"ILA",100.00
MADISON,HUL,"HUL",100.00
MADISON,DAN,"DAN",100.00
MADISON,POC,"POC",100.00
MADISON,MIL,"MIL",100.00
MADISON,COM,"COM",100.00
MADISON,COL,"COL",100.00
MADISON,HAR,"HAR",100.00
MITCHELL,PC,"PC",100.00
MITCHELL,CN,"CN",100.00
MITCHELL,BV,"BV",100.00
MITCHELL,SC,"SC",100.00
MITCHELL,LS,"LS",100.00
MITCHELL,BA,"BA",100.00
MITCHELL,HI,"HI",100.00
MITCHELL,CT,"CT",100.00
MITCHELL,CS,"CS",100.00
MITCHELL,HF,"HF",100.00
MITCHELL,PE,"PE",100.00
STEWART,05,"05",100.00
STEWART,04,"04",100.00
STEWART,06,"06",100.00
STEWART,02,"02",100.00
WARE,200B,"200B",100.00
WARE,304,"304",100.00
WARE,409,"409",100.00
WARE,200A,"200A",100.00
WARE,408,"408",100.00
WARE,404,"404",100.00
WARE,405,"405",100.00
WARE,406,"406",100.00
WARE,407,"407",100.00
WARE,300,"300",100.00
WARE,400,"400",100.00
WARE,100,"100",100.00
BANKS,0001,"0001",100.00
BANKS,0013,"0013",100.00
BANKS,0003,"0003",100.00
BANKS,0002,"0002",100.00
BANKS,0010,"0010",100.00
BANKS,0008,"0008",100.00
BANKS,0005,"0005",100.00
BANKS,0011,"0011",100.00
BANKS,0004,"0004",100.00
BANKS,0012,"0012",100.00
BANKS,0006,"0006",100.00
BANKS,0007,"0007",100.00
BANKS,0009,"0009",100.00
COLQUITT,0010,"0010",100.00
COLQUITT,0021,"0021",100.00
COLQUITT,0020,"0020",100.00
COLQUITT,0008,"0008",100.00
COLQUITT,0009,"0009",100.00
COLQUITT,0017,"0017",100.00
COLQUITT,0012,"0012",100.00
COLQUITT,0019,"0019",100.00
COLQUITT,0015,"0015",100.00
COLQUITT,0013,"0013",100.00
COLQUITT,0007,"0007",100.00
COLQUITT,0018,"0018",100.00
COLQUITT,0011,"0011",100.00
COLQUITT,0002,"0002",100.00
COLQUITT,0022,"0022",100.00
COLQUITT,0016,"0016",100.00
COLQUITT,0001,"0001",100.00
COLQUITT,0023,"0023",100.00
COLQUITT,0014,"0014",100.00
ATKINSON,0003,"0003",100.00
ATKINSON,0002,"0002",100.00
ATKINSON,0001,"0001",100.00
ATKINSON,0004,"0004",100.00
CHEROKEE,033,"033",100.00
CHEROKEE,026,"026",100.00
CHEROKEE,009,"009",100.00
CHEROKEE,042,"042",100.00
CHEROKEE,029,"029",100.00
CHEROKEE,039,"039",100.00
CHEROKEE,003,"003",100.00
CHEROKEE,016,"016",100.00
CHEROKEE,041,"041",100.00
CHEROKEE,005,"005",100.00
CHEROKEE,022,"022",100.00
CHEROKEE,021,"021",100.00
CHEROKEE,002,"002",100.00
CHEROKEE,036,"036",100.00
CHEROKEE,001,"001",100.00
CHEROKEE,011,"011",100.00
CHEROKEE,024,"024",100.00
CHEROKEE,004,"004",100.00
CHEROKEE,006,"006",100.00
CHEROKEE,010,"010",100.00
CHEROKEE,030,"030",100.00
CHEROKEE,023,"023",100.00
CHEROKEE,038,"038",100.00
CHEROKEE,008,"008",100.00
CHEROKEE,031,"031",100.00
CHEROKEE,040,"040",100.00
CHEROKEE,007,"007",100.00
CHEROKEE,015,"015",100.00
CHEROKEE,027,"027",100.00
CHEROKEE,032,"032",100.00
CHEROKEE,018,"018",100.00
CHEROKEE,020,"020",100.00
CHEROKEE,044,"044",100.00
CHEROKEE,014,"014",100.00
CHEROKEE,037,"037",100.00
CHEROKEE,043,"043",100.00
CHEROKEE,028,"028",100.00
CHEROKEE,012,"012",100.00
CHEROKEE,034,"034",100.00
CHEROKEE,035,"035",100.00
CHEROKEE,013,"013",100.00
CHEROKEE,019,"019",100.00
DADE,960,"960",100.00
DADE,1889,"1889",100.00
DADE,1214,"1214",100.00
DADE,1885,"1885",100.00
DADE,1222,"1222",100.00
DADE,974,"974",100.00
DADE,1038,"1038",100.00
DOUGHERTY,09,"09",100.00
DOUGHERTY,19,"19",100.00
DOUGHERTY,14,"14",100.00
DOUGHERTY,28,"28",100.00
DOUGHERTY,26,"26",100.00
DOUGHERTY,02,"02",100.00
DOUGHERTY,04,"04",100.00
DOUGHERTY,20,"20",100.00
DOUGHERTY,03,"03",100.00
DOUGHERTY,12,"12",100.00
DOUGHERTY,11,"11",100.00
DOUGHERTY,05,"05",100.00
DOUGHERTY,15,"15",100.00
DOUGHERTY,24,"24",100.00
DOUGHERTY,06,"06",100.00
DOUGHERTY,13,"13",100.00
DOUGHERTY,10,"10",100.00
DOUGHERTY,25,"25",100.00
DOUGHERTY,16,"16",100.00
DOUGHERTY,21,"21",100.00
DOUGHERTY,18,"18",100.00
DOUGHERTY,08,"08",100.00
DOUGHERTY,22,"22",100.00
DOUGHERTY,07,"07",100.00
DOUGHERTY,23,"23",100.00
DOUGHERTY,17,"17",100.00
EMANUEL,0058,"0058",100.00
EMANUEL,1333,"1333",100.00
EMANUEL,0053,"0053",100.00
EMANUEL,0057,"0057",100.00
EMANUEL,1502,"1502",100.00
EMANUEL,0052,"0052",100.00
EMANUEL,1748,"1748",100.00
EMANUEL,1560,"1560",100.00
EMANUEL,0050,"0050",100.00
EMANUEL,1208,"1208",100.00
EMANUEL,1429,"1429",100.00
PEACH,C1,"C1",100.00
PEACH,B1,"B1",100.00
PEACH,F3,"F3",100.00
PEACH,F2,"F2",100.00
PEACH,B2,"B2",100.00
PEACH,F1,"F1",100.00
PEACH,P1,"P1",100.00
ROCKDALE,BT,"BT",100.00
ROCKDALE,LO,"LO",100.00
ROCKDALE,HI,"HI",100.00
ROCKDALE,OT,"OT",100.00
ROCKDALE,ST,"ST",100.00
ROCKDALE,CO,"CO",100.00
ROCKDALE,HC,"HC",100.00
ROCKDALE,BA,"BA",100.00
ROCKDALE,SP,"SP",100.00
ROCKDALE,SM,"SM",100.00
ROCKDALE,MI,"MI",100.00
ROCKDALE,RO,"RO",100.00
ROCKDALE,MA,"MA",100.00
ROCKDALE,FI,"FI",100.00
ROCKDALE,FS,"FS",100.00
ROCKDALE,LA,"LA",100.00
TOWNS,990,"990",100.00
TOWNS,1468,"1468",100.00
WILCOX,1A,"1A",100.00
WILCOX,2A,"2A",100.00
WILCOX,2B,"2B",100.00
WILCOX,3A,"3A",100.00
WILCOX,4A,"4A",100.00
WILCOX,5A,"5A",100.00
WILKES,3B,"3B",100.00
WILKES,4B,"4B",100.00
WILKES,3A,"3A",100.00
WILKES,2B,"2B",100.00
WILKES,1,"1",100.00
WILKES,2A,"2A",100.00
WILKES,4A,"4A",100.00
BRANTLEY,1,"1",100.00
BRANTLEY,2,"2",100.00
BRANTLEY,3,"3",100.00
HARRIS,SK,"SK",100.00
HARRIS,WH,"WH",100.00
HARRIS,CA,"CA",100.00
HARRIS,PV,"PV",100.00
HARRIS,GM,"GM",100.00
HARRIS,WA,"WA",100.00
HARRIS,VP,"VP",100.00
HARRIS,L9,"L9",100.00
HARRIS,HA,"HA",100.00
HARRIS,EL,"EL",100.00
HARRIS,U9,"U9",100.00
HARRIS,MG,"MG",100.00
LANIER,1,"1",100.00
MERIWETHER,01,"01",100.00
MERIWETHER,13,"13",100.00
MERIWETHER,08,"08",100.00
MERIWETHER,12,"12",100.00
MERIWETHER,14,"14",100.00
MERIWETHER,04,"04",100.00
MERIWETHER,05,"05",100.00
MERIWETHER,06,"06",100.00
MERIWETHER,03,"03",100.00
MERIWETHER,02,"02",100.00
MERIWETHER,10,"10",100.00
MERIWETHER,09,"09",100.00
MERIWETHER,07,"07",100.00
MERIWETHER,11,"11",100.00
THOMAS,111,"111",100.00
THOMAS,102,"102",100.00
THOMAS,118,"118",100.00
THOMAS,120,"120",100.00
THOMAS,104,"104",100.00
THOMAS,114,"114",100.00
THOMAS,103,"103",100.00
THOMAS,119,"119",100.00
THOMAS,105,"105",100.00
THOMAS,110,"110",100.00
THOMAS,108,"108",100.00
THOMAS,101,"101",100.00
THOMAS,107,"107",100.00
THOMAS,117,"117",100.00
THOMAS,113,"113",100.00
THOMAS,112,"112",100.00
THOMAS,115,"115",100.00
THOMAS,106,"106",100.00
THOMAS,116,"116",100.00
THOMAS,109,"109",100.00
EFFINGHAM,4A,"4A",100.00
EFFINGHAM,5A,"5A",100.00
EFFINGHAM,2B,"2B",100.00
EFFINGHAM,2C,"2C",100.00
EFFINGHAM,2A,"2A",100.00
EFFINGHAM,5B,"5B",100.00
EFFINGHAM,3C,"3C",100.00
EFFINGHAM,4B,"4B",100.00
EFFINGHAM,1B,"1B",100.00
EFFINGHAM,3A,"3A",100.00
EFFINGHAM,3B,"3B",100.00
EFFINGHAM,5C,"5C",100.00
EFFINGHAM,4C,"4C",100.00
EFFINGHAM,1D,"1D",100.00
EFFINGHAM,1C,"1C",100.00
EFFINGHAM,1A,"1A",100.00
EFFINGHAM,3D,"3D",100.00
DODGE,CLARK,"CLARK",100.00
DODGE,MILAN,"MILAN",100.00
DODGE,CHAUN,"CHAUN",100.00
DODGE,LEE,"LEE",100.00
DODGE,MULLI,"MULLI",100.00
DODGE,MITCH,"MITCH",100.00
DODGE,PLAIN,"PLAIN",100.00
DODGE,VILUL,"VILUL",100.00
DODGE,MCCRA,"MCCRA",100.00
DODGE,PONDT,"PONDT",100.00
DODGE,EMPIR,"EMPIR",100.00
DODGE,RAWLI,"RAWLI",100.00
DODGE,JONES,"JONES",100.00
DODGE,JAYBI,"JAYBI",100.00
DODGE,EDDIN,"EDDIN",100.00
DODGE,YONKE,"YONKE",100.00
WAYNE,4A,"4A",100.00
WAYNE,3A,"3A",100.00
WAYNE,4B,"4B",100.00
WAYNE,5A,"5A",100.00
WAYNE,1B,"1B",100.00
WAYNE,2D,"2D",100.00
WAYNE,2C,"2C",100.00
WAYNE,5B,"5B",100.00
WAYNE,2A,"2A",100.00
WAYNE,1A,"1A",100.00
WAYNE,1C,"1C",100.00
WAYNE,3B,"3B",100.00
GORDON,856,"856",100.00
GORDON,849-A,"849-A",100.00
GORDON,1055,"1055",100.00
GORDON,874,"874",100.00
GORDON,849-B,"849-B",100.00
GORDON,1064,"1064",100.00
GORDON,1054,"1054",100.00
GORDON,1056,"1056",100.00
GORDON,973,"973",100.00
GORDON,1235,"1235",100.00
GORDON,1063,"1063",100.00
GORDON,980,"980",100.00
LIBERTY,10,"10",100.00
LIBERTY,9,"9",100.00
LIBERTY,4,"4",100.00
LIBERTY,13,"13",100.00
LIBERTY,7,"7",100.00
LIBERTY,6,"6",100.00
LIBERTY,12,"12",100.00
LIBERTY,14,"14",100.00
LIBERTY,11,"11",100.00
LIBERTY,2,"2",100.00
LIBERTY,1,"1",100.00
LIBERTY,3,"3",100.00
PIERCE,3B,"3B",100.00
PIERCE,0001,"0001",100.00
PIERCE,3A,"3A",100.00
PIERCE,0002,"0002",100.00
PIERCE,4C,"4C",100.00
PIERCE,4B,"4B",100.00
PIERCE,4A,"4A",100.00
PIERCE,4D,"4D",100.00
SPALDING,12,"12",100.00
SPALDING,21,"21",100.00
SPALDING,06,"06",100.00
SPALDING,11,"11",100.00
SPALDING,02,"02",100.00
SPALDING,09,"09",100.00
SPALDING,14,"14",100.00
SPALDING,16,"16",100.00
SPALDING,03,"03",100.00
SPALDING,19,"19",100.00
SPALDING,13,"13",100.00
SPALDING,01,"01",100.00
SPALDING,17,"17",100.00
SPALDING,05,"05",100.00
SPALDING,08,"08",100.00
SPALDING,07,"07",100.00
SPALDING,20,"20",100.00
SPALDING,10,"10",100.00
TOOMBS,514,"514",100.00
TOOMBS,513,"513",100.00
TOOMBS,39,"39",100.00
TOOMBS,43,"43",100.00
TOOMBS,15361,"15361",100.00
BARROW,13,"13",100.00
BARROW,08,"08",100.00
BARROW,01,"01",100.00
BARROW,03,"03",100.00
BARROW,05,"05",100.00
BARROW,04,"04",100.00
BARROW,02,"02",100.00
BARROW,16,"16",100.00
FRANKLIN,6,"6",100.00
FRANKLIN,2,"2",100.00
FRANKLIN,1,"1",100.00
FRANKLIN,7,"7",100.00
FRANKLIN,5,"5",100.00
FRANKLIN,4,"4",100.00
FRANKLIN,3,"3",100.00
HART,2,"2",100.00
HART,3,"3",100.00
HART,6,"6",100.00
HART,7,"7",100.00
HART,8,"8",100.00
HART,4,"4",100.00
HART,5,"5",100.00
MORGAN,01,"01",100.00
MORGAN,02,"02",100.00
MORGAN,04,"04",100.00
MORGAN,05,"05",100.00
MORGAN,03,"03",100.00
OGLETHORPE,LX,"LX",100.00
OGLETHORPE,BV,"BV",100.00
OGLETHORPE,CR,"CR",100.00
TIFT,03,"03",100.00
TIFT,07,"07",100.00
TIFT,04,"04",100.00
TIFT,05,"05",100.00
TIFT,02,"02",100.00
TIFT,10,"10",100.00
TIFT,09,"09",100.00
TIFT,08,"08",100.00
TIFT,01,"01",100.00
TIFT,11,"11",100.00
TIFT,06,"06",100.00
TIFT,12,"12",100.00
SUMTER,28,"28",100.00
SUMTER,C2-27,"C2-27",100.00
SUMTER,C3-27,"C3-27",100.00
SUMTER,N-26,"N-26",100.00
SUMTER,17,"17",100.00
SUMTER,O-26,"O-26",100.00
SUMTER,E-27,"E-27",100.00
SUMTER,W-27,"W-27",100.00
SUMTER,15,"15",100.00
SUMTER,C1-27,"C1-27",100.00
SUMTER,29,"29",100.00
HENRY,59,"59",100.00
HENRY,34,"34",100.00
HENRY,42,"42",100.00
HENRY,54,"54",100.00
HENRY,35,"35",100.00
HENRY,62,"62",100.00
HENRY,29,"29",100.00
HENRY,38,"38",100.00
HENRY,43,"43",100.00
HENRY,61,"61",100.00
HENRY,51,"51",100.00
HENRY,55,"55",100.00
HENRY,52,"52",100.00
HENRY,25,"25",100.00
HENRY,26,"26",100.00
HENRY,28,"28",100.00
HENRY,31,"31",100.00
HENRY,30,"30",100.00
HENRY,50,"50",100.00
HENRY,53,"53",100.00
HENRY,27,"27",100.00
HENRY,33,"33",100.00
HENRY,37,"37",100.00
HENRY,60,"60",100.00
HENRY,39,"39",100.00
HENRY,47,"47",100.00
HENRY,48,"48",100.00
HENRY,32,"32",100.00
HENRY,36,"36",100.00
HENRY,58,"58",100.00
HENRY,41,"41",100.00
HENRY,46,"46",100.00
HENRY,57,"57",100.00
HENRY,49,"49",100.00
HENRY,45,"45",100.00
HENRY,56,"56",100.00
HENRY,44,"44",100.00
MARION,948,"948",100.00
MARION,955,"955",100.00
MARION,807,"807",100.00
MARION,808,"808",100.00
MARION,339,"339",100.00
WHEELER,1,"1",100.00
WHEELER,2,"2",100.00
FORSYTH,19,"19",100.00
FORSYTH,10,"10",100.00
FORSYTH,25,"25",100.00
FORSYTH,15,"15",100.00
FORSYTH,27,"27",100.00
FORSYTH,06,"06",100.00
FORSYTH,34,"34",100.00
FORSYTH,04,"04",100.00
FORSYTH,36,"36",100.00
FORSYTH,07,"07",100.00
FORSYTH,35,"35",100.00
FORSYTH,05,"05",100.00
FORSYTH,02,"02",100.00
FORSYTH,21,"21",100.00
FORSYTH,08,"08",100.00
FORSYTH,01,"01",100.00
FORSYTH,16,"16",100.00
GREENE,008,"008",100.00
GREENE,001,"001",100.00
GREENE,006,"006",100.00
GREENE,005,"005",100.00
GREENE,004,"004",100.00
JEFF DAVIS,302,"302",100.00
JEFF DAVIS,402,"402",100.00
JEFF DAVIS,201,"201",100.00
JEFF DAVIS,301,"301",100.00
JEFF DAVIS,202,"202",100.00
JEFF DAVIS,100,"100",100.00
JEFF DAVIS,401,"401",100.00
JEFF DAVIS,502,"502",100.00
JEFF DAVIS,501,"501",100.00
JENKINS,4,"4",100.00
JENKINS,2,"2",100.00
JENKINS,5,"5",100.00
JENKINS,1,"1",100.00
JENKINS,3,"3",100.00
HANCOCK,1A,"1A",100.00
HANCOCK,4B,"4B",100.00
HANCOCK,3B,"3B",100.00
HANCOCK,2A,"2A",100.00
HANCOCK,3C,"3C",100.00
HANCOCK,1B,"1B",100.00
HANCOCK,4C,"4C",100.00
HANCOCK,3A,"3A",100.00
HANCOCK,2B,"2B",100.00
HANCOCK,4A,"4A",100.00
MACON,3,"3",100.00
MACON,5,"5",100.00
MACON,1,"1",100.00
MACON,4,"4",100.00
MACON,2,"2",100.00
MCINTOSH,1312,"1312",100.00
MCINTOSH,271,"271",100.00
MCINTOSH,1771,"1771",100.00
MCINTOSH,22,"22",100.00
MCINTOSH,1515,"1515",100.00
APPLING,1B,"1B",100.00
APPLING,5B,"5B",100.00
APPLING,1C,"1C",100.00
APPLING,2,"2",100.00
APPLING,4B,"4B",100.00
APPLING,3A1,"3A1",100.00
APPLING,3C,"3C",100.00
APPLING,4D,"4D",100.00
APPLING,5A,"5A",100.00
CLAY,2,"2",100.00
CLAY,4,"4",100.00
CLAY,3,"3",100.00
CLAY,1,"1",100.00
CLAY,5,"5",100.00
DECATUR,1361,"1361",100.00
DECATUR,694,"694",100.00
DECATUR,1277,"1277",100.00
DECATUR,1342,"1342",100.00
DECATUR,1325,"1325",100.00
DECATUR,1613,"1613",100.00
DECATUR,1805,"1805",100.00
DECATUR,514,"514",100.00
DECATUR,513,"513",100.00
DOUGLAS,736N,"736N",100.00
DOUGLAS,731,"731",100.00
DOUGLAS,1270,"1270",100.00
DOUGLAS,735,"735",100.00
DOUGLAS,733,"733",100.00
DOUGLAS,732,"732",100.00
DOUGLAS,1275,"1275",100.00
DOUGLAS,1271,"1271",100.00
DOUGLAS,785,"785",100.00
DOUGLAS,738,"738",100.00
DOUGLAS,1272,"1272",100.00
DOUGLAS,734,"734",100.00
DOUGLAS,1260,"1260",100.00
DOUGLAS,736S,"736S",100.00
DOUGLAS,1258,"1258",100.00
DOUGLAS,740,"740",100.00
DOUGLAS,1274,"1274",100.00
DOUGLAS,739,"739",100.00
DOUGLAS,730,"730",100.00
DOUGLAS,784,"784",100.00
DOUGLAS,729,"729",100.00
DOUGLAS,1273,"1273",100.00
DOUGLAS,737,"737",100.00
DOUGLAS,1259,"1259",100.00
DOUGLAS,1276,"1276",100.00
GRADY,W,"W",100.00
GRADY,L,"L",100.00
GRADY,M,"M",100.00
GRADY,H,"H",100.00
GRADY,R,"R",100.00
GRADY,WL,"WL",100.00
GRADY,SH,"SH",100.00
GRADY,C05,"C05",100.00
GRADY,D,"D",100.00
GRADY,S,"S",100.00
GRADY,C04,"C04",100.00
GRADY,B,"B",100.00
GRADY,P,"P",100.00
BURKE,0013,"0013",100.00
BURKE,0008,"0008",100.00
BURKE,0004,"0004",100.00
BURKE,0010,"0010",100.00
BURKE,0007,"0007",100.00
BURKE,0006,"0006",100.00
BURKE,0002,"0002",100.00
BURKE,0015,"0015",100.00
BURKE,0016,"0016",100.00
BURKE,0009,"0009",100.00
BURKE,0014,"0014",100.00
BURKE,0011,"0011",100.00
BURKE,0001,"0001",100.00
BURKE,0003,"0003",100.00
BURKE,0005,"0005",100.00
BURKE,0012,"0012",100.00
JOHNSON,1266,"1266",100.00
JOHNSON,55,"55",100.00
JOHNSON,1201,"1201",100.00
JOHNSON,1301,"1301",100.00
LAURENS,07,"07",100.00
LAURENS,19,"19",100.00
LAURENS,12,"12",100.00
LAURENS,11,"11",100.00
LAURENS,16,"16",100.00
LAURENS,13,"13",100.00
LAURENS,21,"21",100.00
LAURENS,03,"03",100.00
LAURENS,22,"22",100.00
LAURENS,05,"05",100.00
LAURENS,10,"10",100.00
LAURENS,18,"18",100.00
LAURENS,08,"08",100.00
LAURENS,15,"15",100.00
LAURENS,04,"04",100.00
TATTNALL,1,"1",100.00
TATTNALL,8,"8",100.00
TATTNALL,7,"7",100.00
TATTNALL,4,"4",100.00
TATTNALL,9,"9",100.00
TATTNALL,3,"3",100.00
TATTNALL,10,"10",100.00
TATTNALL,5,"5",100.00
CATOOSA,LAKE,"LAKE",100.00
CATOOSA,RING,"RING",100.00
CATOOSA,GRAY,"GRAY",100.00
CATOOSA,FT O,"FT O",100.00
CATOOSA,CHAM,"CHAM",100.00
CATOOSA,CAKT,"CAKT",100.00
CATOOSA,WOOD,"WOOD",100.00
CATOOSA,BLCK,"BLCK",100.00
CATOOSA,POPS,"POPS",100.00
CATOOSA,BOYN,"BOYN",100.00
CATOOSA,WEST,"WEST",100.00
ELBERT,189,"189",100.00
ELBERT,190,"190",100.00
ELBERT,199,"199",100.00
ELBERT,192,"192",100.00
ELBERT,315,"315",100.00
ELBERT,197,"197",100.00
ELBERT,202,"202",100.00
ELBERT,193,"193",100.00
ELBERT,196,"196",100.00
ELBERT,191,"191",100.00
ELBERT,201,"201",100.00
GLASCOCK,MITC,"MITC",100.00
GLASCOCK,GIBS,"GIBS",100.00
GLASCOCK,EDGH,"EDGH",100.00
GLASCOCK,MILL,"MILL",100.00
HEARD,SOU,"SOU",100.00
HEARD,COO,"COO",100.00
HEARD,CEN,"CEN",100.00
HEARD,ENO,"ENO",100.00
HEARD,FRA,"FRA",100.00
HEARD,EPH,"EPH",100.00
JONES,11,"11",100.00
JONES,10,"10",100.00
JONES,8,"8",100.00
JONES,2,"2",100.00
JONES,9,"9",100.00
JONES,4,"4",100.00
JONES,5,"5",100.00
JONES,3,"3",100.00
JONES,1,"1",100.00
JONES,6,"6",100.00
MUSCOGEE,106,"106",100.00
MUSCOGEE,116,"116",100.00
MUSCOGEE,105,"105",100.00
MUSCOGEE,127,"127",100.00
MUSCOGEE,118,"118",100.00
MUSCOGEE,107,"107",100.00
MUSCOGEE,121,"121",100.00
MUSCOGEE,110,"110",100.00
MUSCOGEE,109,"109",100.00
MUSCOGEE,117,"117",100.00
MUSCOGEE,112,"112",100.00
MUSCOGEE,124,"124",100.00
MUSCOGEE,120,"120",100.00
MUSCOGEE,113,"113",100.00
MUSCOGEE,102,"102",100.00
MUSCOGEE,119,"119",100.00
MUSCOGEE,108,"108",100.00
MUSCOGEE,103,"103",100.00
MUSCOGEE,126,"126",100.00
MUSCOGEE,115,"115",100.00
MUSCOGEE,122,"122",100.00
MUSCOGEE,101,"101",100.00
MUSCOGEE,125,"125",100.00
MUSCOGEE,114,"114",100.00
MUSCOGEE,104,"104",100.00
GLYNN,5943,"5943",100.00
GLYNN,3713,"3713",100.00
GLYNN,5933,"5933",100.00
GLYNN,5913,"5913",100.00
GLYNN,3723,"3723",100.00
GLYNN,4913,"4913",100.00
GLYNN,1933,"1933",100.00
GLYNN,1943,"1943",100.00
GLYNN,2953,"2953",100.00
GLYNN,4923,"4923",100.00
GLYNN,3743,"3743",100.00
GLYNN,4933,"4933",100.00
GLYNN,5923,"5923",100.00
GLYNN,2933,"2933",100.00
GLYNN,2713,"2713",100.00
GLYNN,1713,"1713",100.00
GLYNN,2943,"2943",100.00
GLYNN,1923,"1923",100.00
GLYNN,3733,"3733",100.00
WILKINSON,05,"05",100.00
WILKINSON,07,"07",100.00
WILKINSON,08,"08",100.00
WILKINSON,11,"11",100.00
WILKINSON,06,"06",100.00
WILKINSON,02,"02",100.00
WILKINSON,03,"03",100.00
WILKINSON,04,"04",100.00
WILKINSON,10,"10",100.00
JEFFERSON,0082,"0082",100.00
JEFFERSON,1460,"1460",100.00
JEFFERSON,1593,"1593",100.00
JEFFERSON,0077,"0077",100.00
JEFFERSON,0085,"0085",100.00
JEFFERSON,0076,"0076",100.00
JEFFERSON,0081,"0081",100.00
JEFFERSON,0083,"0083",100.00
LONG,1,"1",100.00
LONG,7,"7",100.00
LONG,2,"2",100.00
LONG,6,"6",100.00
LONG,3,"3",100.00
LONG,4,"4",100.00
LONG,5,"5",100.00
TALBOT,04,"04",100.00
TALBOT,05,"05",100.00
TALBOT,02,"02",100.00
TALBOT,03,"03",100.00
TALBOT,08,"08",100.00
TALBOT,01,"01",100.00
TALBOT,06,"06",100.00
BARTOW,02,"02",100.00
BARTOW,11,"11",100.00
BARTOW,17,"17",100.00
BARTOW,07,"07",100.00
BARTOW,09,"09",100.00
BARTOW,05,"05",100.00
BARTOW,12,"12",100.00
BARTOW,03,"03",100.00
BARTOW,04,"04",100.00
BARTOW,01,"01",100.00
BARTOW,18,"18",100.00
BARTOW,15,"15",100.00
BARTOW,10,"10",100.00
BARTOW,06,"06",100.00
BARTOW,14,"14",100.00
BARTOW,08,"08",100.00
BARTOW,16,"16",100.00
BROOKS,1230,"1230",100.00
BROOKS,1402,"1402",100.00
BROOKS,1650,"1650",100.00
BROOKS,660,"660",100.00
BROOKS,1199,"1199",100.00
BROOKS,1712,"1712",100.00
BROOKS,659,"659",100.00
COOK,L,"L",100.00
COOK,S,"S",100.00
COOK,NL,"NL",100.00
COOK,DB,"DB",100.00
COOK,C,"C",100.00
COOK,RB,"RB",100.00
COOK,M,"M",100.00
COOK,EP,"EP",100.00
HABERSHAM,02,"02",100.00
HABERSHAM,06,"06",100.00
HABERSHAM,01,"01",100.00
HABERSHAM,04,"04",100.00
HABERSHAM,03,"03",100.00
HABERSHAM,07,"07",100.00
MONTGOMERY,01,"01",100.00
MONTGOMERY,03,"03",100.00
MONTGOMERY,04,"04",100.00
MONTGOMERY,07,"07",100.00
MONTGOMERY,02,"02",100.00
MONTGOMERY,06,"06",100.00
MONTGOMERY,05,"05",100.00
CLINCH,D,"D",100.00
CLINCH,AG,"AG",100.00
CLINCH,AB,"AB",100.00
CLINCH,H,"H",100.00
CLINCH,F,"F",100.00
LAMAR,1712C,"1712C",100.00
LAMAR,1712A,"1712A",100.00
LAMAR,1713,"1713",100.00
LAMAR,1711,"1711",100.00
LAMAR,1712B,"1712B",100.00
LAMAR,1714,"1714",100.00
TALIAFERRO,172,"172",100.00
TALIAFERRO,601,"601",100.00
POLK,07,"07",100.00
POLK,05,"05",100.00
POLK,01,"01",100.00
POLK,02,"02",100.00
POLK,04,"04",100.00
POLK,06,"06",100.00
POLK,03,"03",100.00
TERRELL,04,"04",100.00
TERRELL,05,"05",100.00
TERRELL,06,"06",100.00
TERRELL,02,"02",100.00
TERRELL,03,"03",100.00
TERRELL,01,"01",100.00
NEWTON,18,"18RP",90.00
NEWTON,12,"12GC",90.00
NEWTON,19,"19BC",90.00
NEWTON,25,"25HB",90.00
NEWTON,08,"08CS",90.00
NEWTON,07,"07BS",90.00
NEWTON,09,"09LIV",90.00
NEWTON,03,"03ALM",90.00
NEWTON,10,"10DN",90.00
NEWTON,14,"14LEG",90.00
NEWTON,24,"24CRW",90.00
NEWTON,20,"20STN",90.00
NEWTON,15,"15MN",90.00
NEWTON,04,"04ALC",90.00
NEWTON,16,"16NB",90.00
NEWTON,05,"05CM",90.00
NEWTON,13,"13BD",90.00
NEWTON,02,"02TN",90.00
NEWTON,06,"06BRW",90.00
NEWTON,17,"17OXF",90.00
NEWTON,01,"01CP",90.00
NEWTON,23,"23FV",90.00
PICKENS,7,"7",100.00
PICKENS,8,"8",100.00
PICKENS,1,"1",100.00
PICKENS,6,"6",100.00
PICKENS,12,"12",100.00
PICKENS,9,"9",100.00
PICKENS,10,"10",100.00
PICKENS,11,"11",100.00
PICKENS,2,"2",100.00
PICKENS,5,"5",100.00
PICKENS,4,"4",100.00
PICKENS,3,"3",100.00
MURRAY,824,"824",100.00
MURRAY,874,"874",100.00
MURRAY,872,"872",100.00
MURRAY,1895,"1895",100.00
MURRAY,1039,"1039",100.00
MURRAY,1013,"1013",100.00
MURRAY,1291,"1291",100.00
CHATTOOGA,1382,"1382",100.00
CHATTOOGA,1484,"1484",100.00
CHATTOOGA,968,"968",100.00
CHATTOOGA,940,"940",100.00
CHATTOOGA,925,"925",100.00
CHATTOOGA,870,"870",100.00
CHATTOOGA,962,"962",100.00
PUTNAM,106,"106",100.00
PUTNAM,101,"101",100.00
PUTNAM,107,"107",100.00
PUTNAM,105,"105",100.00
PUTNAM,104,"104",100.00
UPSON,5610,"5610",100.00
UPSON,0589,"0589",100.00
UPSON,0588,"0588",100.00
UPSON,1610,"1610",100.00
WASHINGTON,99,"99",100.00
WASHINGTON,94,"94",100.00
WASHINGTON,88,"88",100.00
WASHINGTON,91,"91",100.00
WASHINGTON,97,"97",100.00
WASHINGTON,1350,"1350",100.00
WASHINGTON,1253,"1253",100.00
WASHINGTON,1488,"1488",100.00
EVANS,11,"11",100.00
LOWNDES,003,"003",100.00
LOWNDES,008,"008",100.00
LOWNDES,010,"010",100.00
LOWNDES,002,"002",100.00
LOWNDES,006,"006",100.00
LOWNDES,001,"001",100.00
LOWNDES,012,"012",100.00
LOWNDES,007,"007",100.00
LOWNDES,004,"004",100.00
LOWNDES,013,"013",100.00
LOWNDES,009,"009",100.00
LOWNDES,011,"011",100.00
WHITE,041,"041",100.00
WHITE,081,"081",100.00
WHITE,021,"021",100.00
WHITE,091,"091",100.00
WHITE,101,"101",100.00
WHITE,051,"051",100.00
WHITE,061,"061",100.00
WHITE,111,"111",100.00
WHITE,031,"031",100.00
WHITE,011,"011",100.00
PIKE,5,"5",100.00
PIKE,2,"2",100.00
PIKE,1,"1",100.00
PIKE,7,"7",100.00
PIKE,4,"4",100.00
PIKE,6,"6",100.00
PIKE,3,"3",100.00
PIKE,8,"8",100.00
OCONEE,08,"08-CC",90.00
OCONEE,01,"01-CH",90.00
OCONEE,07,"07-MH",90.00
OCONEE,03,"03-BI",90.00
OCONEE,06,"06-BO",90.00
OCONEE,04,"04-NO",90.00
OCONEE,05,"05-DC",90.00
OCONEE,02,"02-CF",90.00
EARLY,CS,"CS",100.00
EARLY,CUBA,"CUBA",100.00
EARLY,A,"A",100.00
EARLY,B,"B",100.00
EARLY,U,"U",100.00
SCHLEY,01,"01",100.00
SEMINOLE,2,"2",100.00
SEMINOLE,1,"1",100.00
SEMINOLE,4,"4",100.00
SEMINOLE,3,"3",100.00
SEMINOLE,5,"5",100.00
RANDOLPH,718B,"718B",100.00
RANDOLPH,334,"334",100.00
RANDOLPH,954,"954",100.00
RANDOLPH,131,"131",100.00
RANDOLPH,718A,"718A",100.00
RANDOLPH,566,"566",100.00
CALHOUN,2,"2",100.00
CALHOUN,1,"1",100.00
CALHOUN,5,"5",100.00
CALHOUN,3,"3",100.00
CALHOUN,4,"4",100.00
TWIGGS,DB,"DB",100.00
TWIGGS,HV,"HV",100.00
TWIGGS,JV/W,"JV/W",100.00
TWIGGS,GI,"GI",100.00
TWIGGS,SG/T,"SG/T",100.00
CHATTAHOOCHEE,1,"1",100.00
MONROE,10,"10",100.00
MONROE,06,"06",100.00
MONROE,05,"05",100.00
MONROE,07,"07",100.00
MONROE,08,"08",100.00
MONROE,04,"04",100.00
MONROE,01,"01",100.00
MONROE,12,"12",100.00
MONROE,09,"09",100.00
MONROE,13,"13",100.00
MONROE,03,"03",100.00
MONROE,02,"02",100.00
MONROE,14,"14",100.00
MONROE,11,"11",100.00
JASPER,290,"290",100.00
JASPER,295,"295",100.00
JASPER,296,"296",100.00
BLECKLEY,1,"1",100.00
CHARLTON,5R,"5R",100.00
CHARLTON,3S,"3S",100.00
CHARLTON,4H,"4H",100.00
CHARLTON,2,"2",100.00
CHARLTON,5W,"5W",100.00
CHARLTON,3B,"3B",100.00
TAYLOR,1,"1",100.00
TAYLOR,6,"6",100.00
TAYLOR,5,"5",100.00
LUMPKIN,DA,"DA",100.00
BACON,DOUGL,"DOUGL",100.00
ECHOLS,1058,"1058",100.00
WARREN,1,"1",100.00
DOOLY,10,"10",100.00
DOOLY,5,"5",100.00
DOOLY,7,"7",100.00
DOOLY,8,"8",100.00
DOOLY,2,"2",100.00
BAKER,A,"A",100.00
BAKER,M,"M",100.00
BAKER,N,"N",100.00
BAKER,E,"E",100.00
BAKER,H,"H",100.00
CANDLER,CAND,"CAND",100.00
QUITMAN,M,"M",100.00
QUITMAN,G,"G",100.00
BEN HILL,1,"1",100.00
TURNER,2,"2",100.00
TURNER,1,"1",100.00
TURNER,3,"3",100.00
TELFAIR,HE,"HE",100.00
TELFAIR,SC,"SC",100.00
TELFAIR,LU,"LU",100.00
TELFAIR,MC,"MC",100.00
TELFAIR,JA,"JA",100.00
TELFAIR,MI,"MI",100.00
WEBSTER,P1,"P1",100.00
PULASKI,ANNEX,"ANNEX",100.00
MILLER,1,"1",100.00
STEPHENS,SC1,"SC1",100.00
RABUN,RABUN,"RABUN",100.00
