county,precinct,precinctName
"COLUMBIA","131","JOURNEY COMM. CHURCH"
"COLUMBIA","064","GRACE BAPTIST CHURCH"
"COLUMBIA","061","GREENBRIER HIGH"
"COLUMBIA","063","RIVERVIEW CHURCH"
"COLUMBIA","132","WESLEY METHODIST"
"COLUMBIA","135","CHRIST CHURCH, PRESBYTERIAN"
"COLUMBIA","107","GOSPEL WATER BRANCH"
"COLUMBIA","040","EUBANK/BLANCHARD CTR"
"LINCOLN","3-B","TABERNACLE"
"LINCOLN","4-B","MARTINS CROSSROAD"
"LINCOLN","1-A","MIDWAY"
"MCDUFFIE","132","132"
"LINCOLN","1-B","LINCOLN CLUB HOUSE"
"LINCOLN","2","LINCOLN CENTER"
"LINCOLN","3-A","FAITH TEMPLE OF LINC"
"RABUN","RABUN","RABUN COUNTY"
"TALIAFERRO","172","SHARON"
"GREENE","004","UNION POINT"
"TALIAFERRO","601","CRAWFORDVILLE"
"GREENE","001","GREENSBORO"
"OCONEE","03","ANTIOCH"
"OCONEE","02","COLHAM FERRY"
"CLARKE","1C","1C"
"BANKS","0009","HOLLINGSWORTH"
"BANKS","0012","WASHINGTON"
"BANKS","0005","COLUMBIA"
"BANKS","0013","WILMONTS"
"MORGAN","02","2. EAST MORGAN"
"MORGAN","06","6. WEST MORGAN"
"WALTON","559","GOOD HOPE"
"MORGAN","07","7. NORTH MORGAN"
"NEWTON","04","ALCOVY"
"NEWTON","07","BRICK STORE"
"UNION","4","IVY LOG"
"UNION","8","GUMLOG"
"UNION","1","BLAIRSVILLE"
"NEWTON","05","COVINGTON MILLS"
"FULTON","FA01B","FA01B"
"FAYETTE","10","SANDY CREEK"
"FULTON","SC07C","SC07C"
"NEWTON","13","BEAVERDAM"
"NEWTON","24","CROWELL"
"NEWTON","08","CEDAR SHOALS"
"NEWTON","03","ALMON"
"NEWTON","19","BUCK CREEK"
"NEWTON","20","STANSELLS"
"ROCKDALE","FI","FI"
"NEWTON","23","FAIRVIEW"
"ROCKDALE","FS","FS"
"FULTON","PA01","PA01"
"null","null","null"
"FULTON","FA01D","FA01D"
"FAYETTE","31","FIELDING RIDGE"
"FAYETTE","16","MCINTOSH"
"GWINNETT","002","ROCKBRIDGE A"
"GWINNETT","075","ROCKBRIDGE C"
"ROCKDALE","MA","MA"
"ROCKDALE","SP","SP"
"ROCKDALE","ST","ST"
"ROCKDALE","BA","BA"
"ROCKDALE","HC","HC"
"ROCKDALE","SM","SM"
"ROCKDALE","RO","RO"
"GWINNETT","111","DULUTH H"
"FULTON","JC02","JC02"
"FORSYTH","35","35 JOHNS CREEK"
"HENRY","43","PLEASANT GROVE"
"ROCKDALE","LO","LO"
"DEKALB","FG","FLAT ROCK ELEM"
"DEKALB","CF","CANDLER-MURPHEY CANDLER ELEM"
"CLAYTON","LJ2","LOVEJOY 2"
"CLAYTON","LJ7","LOVEJOY 7"
"CLAYTON","JB05","JONESBORO 5"
"CLAYTON","JB14","JONESBORO 14"
"CLAYTON","JB18","JONESBORO 18"
"CLAYTON","JB11","JONESBORO 11"
"CLAYTON","JB07","JONESBORO 7"
"CLAYTON","JB06","JONESBORO 6"
"SPALDING","14","14"
"SPALDING","21","21"
"HENRY","46","SHAKERAG"
"DEKALB","OV","OAK VIEW ELEM"
"DEKALB","HH","NARVIE J HARRIS ELEM"
"DEKALB","FK","FLAKES MILL FIRE STATION"
"DEKALB","FE","FLAT SHOALS PARKWAY"
"DEKALB","CG","CHAPEL HILL ELEM"
"HENRY","45","SWAN LAKE"
"CLAYTON","JB08","JONESBORO 8"
"CLAYTON","MO8","MORROW 8"
"CLAYTON","MO5","MORROW 5"
"CLAYTON","MO10","MORROW 10"
"HENRY","41","STAGECOACH"
"HENRY","56","LIGHTHOUSE"
"CLAYTON","RD07","RIVERDALE 7"
"CLAYTON","OAK5","OAK5"
"CLAYTON","FP3","FOREST PARK 3"
"CLAYTON","RD06","RIVERDALE 6"
"CLAYTON","JB15","JONESBORO 15"
"CLAYTON","FP5","FOREST PARK 5"
"CLAYTON","FP6","FOREST PARK 6"
"PICKENS","11","APPALACHIAN"
"GILMER","11","YUKON"
"CLAYTON","RD04","RIVERDALE 4"
"CLAYTON","RD08","RIVERDALE 8"
"CLAYTON","RD01","RIVERDALE 1"
"CLAYTON","RD03","RIVERDALE 3"
"CLAYTON","OAK4","OAK 4"
"CLAYTON","OAK2","OAK 2"
"CLAYTON","RD10","RIVERDALE 10"
"CLAYTON","OAK3","OAK 3"
"null","null","null"
"FULTON","CP06A","CP06A"
"FULTON","11J","11J"
"FULTON","EP03B","EP03B"
"FULTON","SC23C","SC23C"
"FULTON","SC23A","SC23A"
"CLAYTON","RD11","RIVERDALE 11"
"FULTON","SC27","SC27"
"FULTON","CP083","CP083"
"FULTON","CP08A","CP08A"
"FULTON","SC29A","SC29A"
"FULTON","SC23B","SC23B"
"FULTON","SC09B","SC09B"
"FULTON","SC11B","SC11B"
"FULTON","SC11A","SC11A"
"null","null","null"
"null","null","null"
"FULTON","CP084","CP084"
"FULTON","SC08D","SC08D"
"FULTON","UC01B","UC01B"
"FULTON","SC09C","SC09C"
"FULTON","SC09A","SC09A"
"FULTON","UC031","UC031"
"FULTON","SC08E","SC08E"
"null","null","null"
"null","null","null"
"FULTON","SC08H","SC08H"
"FULTON","UC01D","UC01D"
"FULTON","SC17B","SC17B"
"FULTON","SC08B","SC08B"
"FULTON","SC15","SC15"
"FULTON","FA01A","FA01A"
"FULTON","UC02A","UC02A"
"TROUP","15","HIGHLAND"
"HEARD","SOU","SOUTHWEST"
"HEARD","EPH","EPHESUS"
"CARROLL","1111","BOWDON"
"FULTON","SC07A","SC07A"
"FULTON","SC04","SC04"
"PAULDING","0011C","DIANNE WRIGHT INNOVATION CENTER"
"FULTON","CH03","CH03"
"DOUGLAS","1272","PRAYS MILL GYM"
"FULTON","CH01","CH01"
"FULTON","CH02","CH02"
"DOUGLAS","736S","CHURCH AT CHAPEL HILL"
"DOUGLAS","734","BRIGHT STAR"
"DOUGLAS","735","DORSETT SHOALS"
"TROUP","12","GARDNER NEWMAN"
"HEARD","COO","COOKSVILLE - CORINTH"
"HEARD","CEN","CENTRALHATCHEE"
"CARROLL","714BW","OLD CAMP CHURCH"
"CARROLL","713","ROOPVILLE"
"CARROLL","715","OAK GROVE"
"HEARD","ENO","ENON GROVE"
"COWETA","04","DRESDEN"
"CARROLL","1483","CLEM"
"CLAY","1","BLUFFTON"
"RANDOLPH","131","COLEMAN"
"HENRY","54","STOCKBRIDGE CENTRAL"
"HENRY","39","STOCKBRIDGE EAST-WEST"
"HENRY","34","WESLEY LAKES"
"HENRY","28","WESTSIDE"
"HENRY","60","LAKE HAVEN"
"HENRY","53","FLIPPEN"
"HENRY","38","HICKORY FLAT"
"HENRY","42","COTTON INDIAN"
"FAYETTE","06","FLINT"
"CLAYTON","PH1","PANHANDLE 1"
"CLAYTON","LJ3","LOVEJOY 3"
"CLAYTON","LJ4","LOVEJOY 4"
"CLAYTON","LJ5","LOVEJOY 5"
"CLAYTON","JB19","JONESBORO 19"
"CLAYTON","JB17","JONESBORO 17"
"CLAYTON","JB02","JONESBORO 2"
"CLAYTON","RD09","RIVERDALE 9"
"CLAYTON","JB16","JONESBORO 16"
"CLAYTON","RD05","RIVERDALE 5"
"WHITFIELD","VA","VA"
"WHITFIELD","CO","CO"
"CARROLL","1542","HULETT"
"CARROLL","1540","FAIRFIELD"
"DOUGLAS","1260","DOG RIVER LIBRARY"
"CARROLL","714A3","BONNER"
"CARROLL","714A2","LAKESHORE REC CENTER"
"CARROLL","501","BETHANY"
"CARROLL","714A1","WEST CARROLLTON"
"CARROLL","714A6","TABERNACLE CHURCH"
"CARROLL","714A5","COUNTY ADMIN BLDG"
"CARROLL","1371","BURWELL"
"CARROLL","1240","MT ZION"
"CARROLL","714A4","UNIVERSITY OF W. GA"
"SCREVEN","03","NEWINGTON"
"SCREVEN","11","JACKSON FIRE STATION"
"BURKE","0003","GIRARD"
"CHATTOOGA","1216","DIRTSELLER"
"CARROLL","1006","KANSAS"
"FAYETTE","04","FAYETTEVILLE EAST"
"FAYETTE","24","BANKS"
"FAYETTE","28","OAK RIDGE"
"FAYETTE","23","KENWOOD"
"FAYETTE","03","EUROPE"
"CLAYTON","JB01","JONESBORO 1"
"CLAYTON","RD02","RIVERDALE 2"
"CLAYTON","JB12","JONESBORO 12"
"CLAYTON","RD12","RIVERDALE 12"
"RICHMOND","707","707"
"RICHMOND","703","703"
"COLUMBIA","109","STEVENS CREEK CHURCH"
"RICHMOND","709","709"
"RICHMOND","702","702"
"FAYETTE","07","HOPEFUL"
"FULTON","SC211","SC211"
"FAYETTE","05","FAYETTEVILLE WEST"
"FAYETTE","08","MORNING CREEK"
"FAYETTE","01","BLACKROCK"
"FAYETTE","29","JEFF DAVIS"
"COLUMBIA","111","LAKESIDE MIDDLE"
"COLUMBIA","136","BLUERIDGE ELEMENTARY"
"COLUMBIA","137","CHRIST THE KING CH"
"RICHMOND","706","706"
"RICHMOND","705","705"
"RICHMOND","708","708"
"COLUMBIA","100","AUGUSTA CHRISTIAN"
"COLUMBIA","105","SAVANNAH RAPIDS PAVILION"
"COLUMBIA","108","GENESIS CHURCH"
"COWETA","08","CEDAR CREEK"
"FULTON","CH05","CH05"
"COWETA","22","MADRAS"
"FULTON","CH04A","CH04A"
"COLUMBIA","060","COL CTY BOARD OF EDU"
"COLUMBIA","070","BLANCHARD PARK"
"COLUMBIA","085","TRINITY BAPT CHURCH"
"COLUMBIA","076","MARVIN METHODIST"
"COLUMBIA","120","GOLD CROSS EMS"
"COLUMBIA","125","CHURCH OF OUR SAVIOR"
"COLUMBIA","130","WEST ACRES BAPTIST"
"COLUMBIA","134","COL CTY MAIN LIBRARY"
"COLUMBIA","026","PHILADELPHIA CHURCH"
"COLUMBIA","010","KIOKEE BAPT CHURCH"
"COLUMBIA","033","GROVETOWN DEPT OF PUBLIC SAFETY STATION #2"
"COLUMBIA","030","LIBERTY PARK - GROVETOWN"
"COLUMBIA","031","GROVETOWN METHODIST"
"COLUMBIA","034","GROVE FIRST BAPTIST CHURCH"
"COLUMBIA","018","NEW LIFE CHURCH"
"COLUMBIA","062","PARKWAY BAPTIST CHURCH"
"COLUMBIA","017","PATRIOTS PARK"
"COLUMBIA","016","WOODLAWN BAPT CHURCH"
"COLUMBIA","015","LEWIS METHODIST"
"WARREN","1","WARRENTON"
"JEFFERSON","0076","STAPLETON CROSSROADS"
"JEFFERSON","1593","AVERA"
"GREENE","005","SILOAM"
"HANCOCK","2A","COURTHOUSE"
"HANCOCK","3A","MAYFIELD COMMUNITY CENTER"
"FAYETTE","30","MURPHY"
"FAYETTE","26","WILLOW POND"
"FAYETTE","27","DOGWOOD"
"FAYETTE","35","SPRING HILL"
"FULTON","UC032","UC032"
"MORGAN","04","4. CENTRAL MORGAN"
"MORGAN","03","3. BETH/SPRINGFIELD"
"TWIGGS","HV","HIGGSVILLE"
"CLAYTON","JB13","JONESBORO 13"
"CLAYTON","JB03","JONESBORO 3"
"CLAYTON","JB10","JONESBORO 10"
"CLAYTON","JB09","JONESBORO 9"
"CLAYTON","JB04","JONESBORO 4"
"CLAYTON","LJ1","LOVEJOY 1"
"CARROLL","682","WHITESBURG"
"COWETA","17","CENTRAL"
"COWETA","19","GREENTOP"
"JONES","5","POPE"
"MORGAN","05","5. CLACKS CHAPEL"
"JASPER","296","MARTIN - BURNEY"
"NEWTON","06","BREWERS"
"NEWTON","14","LEGUINN"
"NEWTON","15","MANSFIELD"
"NEWTON","16","NEWBORN"
"HENRY","61","MCDONOUGH CENTRAL"
"HENRY","52","LAKE DOW"
"HENRY","37","EAST LAKE"
"HENRY","36","MCMULLEN"
"HENRY","62","TIMBERRIDGE"
"HENRY","55","KELLEYTOWN"
"HENRY","27","SANDY RIDGE"
"HENRY","58","MT. BETHEL"
"NEWTON","10","DOWNS"
"NEWTON","18","ROCKY PLAINS"
"NEWTON","09","LIVINGSTON"
"FULTON","SC212","SC212"
"FULTON","FA01C","FA01C"
"FAYETTE","34","RISING STAR"
"FAYETTE","22","BRAELINN"
"FAYETTE","13","STARRSMILL"
"DOOLY","2","BYROMVILLE"
"MACON","2","OGLETHORPE"
"PEACH","F2","FORT VALLEY #2"
"PEACH","P1","POWERSVILLE"
"CRAWFORD","5","DISTRICT 5"
"PEACH","B1","BYRON #1"
"MACON","5","MONTEZUMA #5"
"MACON","3","MARSHALLVILLE"
"PEACH","F3","FORT VALLEY #3"
"HOUSTON","HAFS","HAFS"
"DOOLY","7","VIENNA"
"DOOLY","8","PINEHURST"
"TIFT","08","TY TY"
"WORTH","9","WARWICK"
"CRISP","JAMES","JAMESTOWN"
"CRISP","CORDE","CORDELE"
"WORTH","15","ISABELLA"
"WORTH","7","DOLES"
"WORTH","4","SUMNER"
"BRANTLEY","3","WAYNESVILLE"
"WORTH","1","SYLVESTER"
"WORTH","11","MINTON"
"COLQUITT","0019","NORMAN PARK"
"COLQUITT","0009","CROSLAND"
"WORTH","10","SCOOTERVILLE"
"COLQUITT","0011","FUNSTON"
"COLQUITT","0016","MILLCREEK"
"COLQUITT","0001","SHAW"
"COLQUITT","0017","MONK"
"BROOKS","1650","BRIGGS"
"THOMAS","104","COOLIDGE"
"THOMAS","117","PAVO"
"COLQUITT","0008","BRIDGECREEK"
"COLQUITT","0018","MURPHY"
"THOMAS","102","BOSTON"
"THOMAS","101","BARWICK"
"THOMAS","116","PATTEN"
"BROOKS","1402","DIXIE"
"BROOKS","1230","BARWICK"
"BROOKS","659","NANKIN"
"BROOKS","1199","QUITMAN"
"BIBB","WA1","WARRIOR 1"
"BIBB","HA4","HAZZARD 4"
"BIBB","HA2","HAZZARD 2"
"BIBB","HO2","HOWARD 2"
"MONROE","03","BURGAYS"
"MONROE","01","BENTONS"
"TWIGGS","DB","DRY BRANCH"
"JONES","4","DAVIDSON"
"MONROE","07","DILLARDS"
"MONROE","04","CABANISS"
"LEE","4","#4 LEESBURG"
"LEE","1","#1 CHOKEE"
"SUMTER","15","LESLIE"
"WORTH","8","OAKFIELD"
"CRISP","CONEY","CONEY"
"BUTTS","BCAB","BUTTS COUNTY ADMIN BLDG"
"HENRY","25","LOCUST GROVE"
"CRAWFORD","1A","DISTRICT 1A"
"PEACH","F1","FORT VALLEY #1"
"CRAWFORD","3","DISTRICT 3"
"CRAWFORD","4","DISTRICT 4"
"MONROE","09","FORSYTH"
"MONROE","02","BRANTLEYS"
"PIKE","7","WILLIAMSON"
"PIKE","8","ZEBULON"
"PIKE","3","MEANSVILLE"
"CRAWFORD","2","DISTRICT 2"
"MONROE","06","CULLODEN"
"LAMAR","1712C","REDBONE"
"MONROE","14","RUSSELLVILLE"
"MONROE","11","KELSEYS"
"MONROE","05","COX"
"MITCHELL","LS","LESTER"
"COLQUITT","0013","HARTSFIELD"
"COLQUITT","0021","THIGPEN"
"COLQUITT","0010","DOERUN"
"WORTH","12","BRIDGEBORO"
"CLAY","5","DAYS CROSS ROAD"
"MITCHELL","CT","COTTON"
"MITCHELL","HI","HINSONTON"
"THOMAS","106","LITTLE OCHLOCKNEE BAPTIST"
"THOMAS","112","MERRILVILLE"
"COLQUITT","0012","HAMILTON"
"MITCHELL","PC","PEBBLE CITY"
"MITCHELL","SC","SALE CITY"
"THOMAS","108","GATLIN CREEK"
"THOMAS","103","CENTRAL"
"GRADY","SH","SPRING HILL"
"THOMAS","113","METCALFE"
"THOMAS","107","FIRE STATION #2"
"THOMAS","109","HARPER"
"SUMTER","29","ANDERSONVILLE"
"DOOLY","10","LILLY"
"DOUGHERTY","22","PHOEBE EAST"
"DOUGHERTY","20","PUTNEY 1ST BAPT CHUR"
"DOUGHERTY","21","INTERNATIONAL STUDIE"
"DOUGHERTY","24","ALBANY MIDDLE SCHOOL"
"MARION","955","FORT PERRY"
"MARION","808","TAZEWELL"
"DOUGHERTY","25","CHRIST CHURCH"
"DOUGHERTY","09","2ND MT ZION CHURCH"
"SEMINOLE","2","PRECINCT 2"
"EARLY","CS","CEDAR SPRINGS"
"EARLY","U","URQUHART"
"RANDOLPH","334","SHELLMAN"
"CALHOUN","1","LEARY"
"TERRELL","06","HEROD-DOVER"
"TERRELL","05","GRAVES"
"RANDOLPH","954","SPRINGVALE"
"RANDOLPH","718B","CUTHBERT"
"RANDOLPH","566","BENEVOLENCE"
"CALHOUN","2","MORGAN"
"CALHOUN","4","EDISON-ARLINGTON"
"CALHOUN","3","EDISON"
"RANDOLPH","718A","CUTHBERT/COURTHOUSE"
"DOUGHERTY","26","LAMAR REESE ELEM SCH"
"DOUGHERTY","11","ALICE COACHMAN ELEM"
"DOUGHERTY","14","LITMAN CATHEDRAL"
"DOUGHERTY","10","MT ZION CENTER"
"DOUGHERTY","12","CARVER TEEN CENTER"
"DOUGHERTY","13","SHILOH BAPTIST CHURC"
"DOUGHERTY","23","PINE BLUFF BAPT CHUR"
"LEE","10","#10 REDBONE"
"WORTH","14","COUNTY LINE"
"WORTH","16","PINEY WOODS"
"WORTH","6","RED ROCK"
"SEMINOLE","1","PRECINCT 1"
"SEMINOLE","5","PRECINCT 5"
"DECATUR","1325","RECOVERY"
"DECATUR","1342","KENDRICK"
"MILLER","1","COLQUITT-MILLER"
"EARLY","CUBA","CUBA"
"EARLY","B","BLAKELY"
"GRADY","L","LIMESINK"
"MITCHELL","BV","BRANCHVILLE"
"GRADY","B","BLOWING CAVE"
"GRADY","S","SPENCE"
"GRADY","M","MIDWAY"
"GRADY","C05","CAIRO 5TH DISTR"
"GRADY","WL","WOODLAND"
"GRADY","P","PINE PARK"
"DECATUR","514","BDGE-FAIRGROUNDS"
"DECATUR","1277","MT. PLEASANT"
"MITCHELL","HF","HOPEFUL"
"BAKER","A","ANNA"
"BAKER","M","MILFORD"
"EARLY","A","ARLINGTON"
"CALHOUN","5","ARLINGTON"
"DECATUR","1805","WEST BAINBRIDGE"
"BAKER","H","HOGGARDS MILL"
"BAKER","E","ELMODEL"
"GRADY","H","HIGDON"
"MITCHELL","PE","PELHAM"
"BAKER","N","NEWTON"
"MITCHELL","CN","CAMILLA NORTH"
"THOMAS","120","TC PUBLIC LIBRARY/SCOTT"
"THOMAS","118","REMINGTON ESC"
"THOMAS","114","NEW COVENANT"
"SEMINOLE","3","PRECINCT 3"
"SEMINOLE","4","PRECINCT 4"
"DECATUR","1613","BRINSON"
"DECATUR","513","BAINBRIDGE-COLISEUM"
"DECATUR","694","ATTAPULGUS"
"DECATUR","1361","CLIMAX"
"MITCHELL","CS","CAMILLA SOUTH"
"MITCHELL","BA","BACONTON"
"THOMAS","115","OCHLOCKNEE"
"THOMAS","111","MEIGS"
"GRADY","W","WHIGHAM"
"GRADY","R","RAGAN"
"GRADY","D","DUNCANVILLE"
"GRADY","C04","CAIRO 4TH DISTR"
"THOMAS","105","DOUGLASS"
"THOMAS","119","RESOURCE CENTER"
"THOMAS","110","TC PUBLIC LIBRARY/JERGER"
"MUSCOGEE","110","CUSSETA RD"
"MUSCOGEE","101","WYNNTON/BRITT"
"MUSCOGEE","102","CARVER/MACK"
"MUSCOGEE","118","ST PAUL/CLUBVIEW"
"MARION","948","BRANTLEY"
"MARION","339","PINEKNOT"
"MARION","807","BUENA VISTA"
"TAYLOR","5","PRECINCT 5"
"TAYLOR","1","PRECINCT 1"
"MUSCOGEE","105","ST. PETER"
"MUSCOGEE","108","ST MARK/HEIFERHORN"
"MUSCOGEE","106","CORNERSTONE"
"HARRIS","U9","UPPER 19TH"
"HARRIS","L9","LOWER 19TH"
"HARRIS","MG","MULBERRY GROVE"
"TROUP","05","WEST POINT"
"HARRIS","SK","SKINNER"
"TROUP","11","LONG CANE"
"TROUP","13","GRAY HILL"
"HARRIS","WH","WHITESVILLE"
"null","null","null"
"null","null","null"
"MUSCOGEE","113","MT PILGRIM"
"null","null","null"
"MUSCOGEE","103","ST JOHN/BELVEDERE"
"MUSCOGEE","126","EDGEWOOD BAPTIST"
"MUSCOGEE","116","HOLSEY/BUENA VISTA"
"COWETA","11","WELCOME"
"COWETA","15","SMOKEY ROAD"
"COWETA","24","WESTSIDE"
"COWETA","05","NEWNAN"
"COWETA","20","EXPO CENTER"
"COWETA","12","PANTHER CREEK"
"COWETA","02","MORELAND"
"MERIWETHER","07","LUTHERSVILLE"
"COWETA","03","PINE ROAD"
"MERIWETHER","06","LONE OAK"
"COWETA","09","GRANTVILLE"
"MERIWETHER","05","8TH-GREENVILLE"
"MUSCOGEE","124","EPWORTH UMC"
"MUSCOGEE","109","WYNNBROOK"
"MUSCOGEE","107","COLUMBUS TECH"
"MUSCOGEE","104","BRITT DAVID"
"MUSCOGEE","112","OUR LADY OF LOURDES"
"MUSCOGEE","122","FIRST AFRICAN"
"MUSCOGEE","125","MARIANNA GALLOPS"
"QUITMAN","G","GEORGETOWN"
"STEWART","06","OMAHA"
"null","null","null"
"null","null","null"
"CLAY","2","ZETTO"
"CLAY","3","COURT HOUSE"
"CLAY","4","OLD HEAD START"
"QUITMAN","M","MORRIS"
"TROUP","02","ADMINISTRATION BLDG"
"TROUP","04","GRIGGS CENTER"
"TROUP","08","ROSEMONT"
"MACON","4","MONTEZUMA #4"
"MACON","1","IDEAL"
"MUSCOGEE","114","FAITH TABERNACLE"
"CHATTAHOOCHEE","1","ACTIVITY CENTER"
"null","null","null"
"HARRIS","GM","GOODMAN"
"HARRIS","PV","PINE MOUNTAIN VALLEY"
"MERIWETHER","04","7TH-ODESSADALE"
"HARRIS","VP","VALLEY PLAINS"
"TROUP","16","NORTHSIDE"
"HEARD","FRA","FRANKLIN"
"TROUP","03","HAMMETT RD"
"TROUP","10","MCLENDON"
"MUSCOGEE","117","GENTIAN/REESE @LDS"
"MUSCOGEE","119","MOON/MORNINGSIDE"
"MUSCOGEE","115","CANAAN"
"MUSCOGEE","120","ST ANDREWS/MIDLAND"
"TAYLOR","6","PRECINCT 6"
"UPSON","0589","SALEM"
"MERIWETHER","14","COVE"
"MERIWETHER","10","LOWER 9TH-WOODBURY"
"PIKE","4","MOLENA"
"TROUP","06","HOGANSVILLE"
"MUSCOGEE","121","SALVATION ARMY"
"HARRIS","CA","CATAULA"
"HARRIS","HA","HAMILTON"
"STEWART","05","LUMPKIN"
"STEWART","04","LOUVALE"
"STEWART","02","RICHLAND"
"null","null","null"
"null","null","null"
"WEBSTER","P1","PRESTON 1"
"CARROLL","1533","TYUS"
"TROUP","07","EAST VERNON"
"TROUP","01","HOLLIS HAND"
"SCHLEY","01","PRECINCT ONE"
"SUMTER","28","BROWNS MILL"
"SUMTER","O-26","PLAINS"
"SUMTER","N-26","CONCORD"
"SUMTER","W-27","AG CENTER"
"DOUGHERTY","03","COVENANT CHURCH"
"LEE","8","#8 FLINT REFORMED BAPTIST"
"TERRELL","03","BRONWOOD"
"SUMTER","17","THOMSON"
"TERRELL","01","DAWSON"
"TERRELL","04","PARROTT"
"TERRELL","02","SASSER"
"DOUGHERTY","08","WESTTOWN ELEM SCHOOL"
"DOUGHERTY","07","DARTON COLLEGE"
"LEE","3","#3 CJC"
"LEE","2","#2 SMITHVILLE"
"DOUGHERTY","19","RADIUM MIDDLE SCHOOL"
"DOUGHERTY","18","BILL MILLER CENTER"
"DOUGHERTY","28","LOVETT HALL"
"DOUGHERTY","17","JACKSON HEIGHTS ELEM"
"DOUGHERTY","01","PALMYRA METH CHURCH"
"LEE","9","#9 CENTURY FIRE STAT"
"DOUGHERTY","16","TURNER ELEM SCHOOL"
"DOUGHERTY","15","PHOEBE HEALTHWORKS"
"LEE","6","#6 FIRST BAPTIST"
"DOUGHERTY","04","GREENBRIAR CHURCH"
"DOUGHERTY","05","WESTOVER HIGH SCHOOL"
"DOUGHERTY","27","1ST CHRISTIAN CHURCH"
"LEE","7","#7 SDA CHURCH"
"LEE","5","#5 FRIENDSHIP BAPT."
"DOUGHERTY","02","SHERWOOD ELEM SCHOOL"
"DOUGHERTY","06","MERRY ACRES MIDDLE"
"SUMTER","E-27","AIRPORT"
"SUMTER","C1-27","REES PARK"
"SUMTER","C2-27","GSW CONF CENTER"
"SUMTER","C3-27","REC DEPT"
"PIKE","1","CONCORD"
"PIKE","2","HOLLONVILLE"
"SPALDING","12","12"
"COWETA","27","COWETA CENTRAL LIBRARY"
"COWETA","26","THOMAS CROSSROADS"
"MONROE","08","EVERS"
"MONROE","10","HIGH FALLS"
"MONROE","13","PROCTORS"
"MERIWETHER","09","MIDDLE 9TH-GAY"
"COWETA","14","TURIN"
"MERIWETHER","08","UPPER 9TH -ALVATON"
"COWETA","10","HARALSON"
"COWETA","01","SENOIA"
"UPSON","0588","YATESVILLE"
"LAMAR","1713","L C S C"
"CRAWFORD","1B","DISTRICT 1B"
"LAMAR","1712B","SENIOR CITIZEN BLDG"
"LAMAR","1712A","CHAPPELL MILL V. FD"
"SPALDING","09","09"
"MERIWETHER","02","GILL I"
"MERIWETHER","03","GILL II"
"TALBOT","02","VALLEY"
"MERIWETHER","01","CHALYBEATE"
"MERIWETHER","13","RALEIGH"
"FAYETTE","14","WHITEWATER"
"FAYETTE","02","BROOKS"
"FAYETTE","15","WOOLSEY"
"FAYETTE","25","HARPS CROSSING"
"FAYETTE","36","ANTIOCH"
"PIKE","5","SECOND DISTRICT"
"SPALDING","19","19"
"UPSON","5610","TOWN"
"UPSON","1610","REDBONE"
"PIKE","6","LIFSEY SPRINGS"
"TALBOT","01","ONEAL"
"TALBOT","05","TALBOTTON"
"TALBOT","03","JUNCTION CITY"
"TALBOT","08","FLINT HILL"
"MUSCOGEE","127","PSALMOND/MATHEWS"
"HARRIS","EL","ELLERSLIE"
"HARRIS","WA","WAVERLY HALL"
"MERIWETHER","11","2ND-WARM SPRINGS"
"MERIWETHER","12","THIRD-DURAND"
"TALBOT","06","BOX SPRINGS"
"TALBOT","04","GENEVA"
"COWETA","06","SHARPSBURG"
"FAYETTE","18","KEDRON"
"FAYETTE","19","ABERDEEN"
"FAYETTE","32","WILLOWBEND"
"FAYETTE","21","FLAT CREEK"
"FAYETTE","17","OAK GROVE"
"FAYETTE","12","SHAKERAG WEST"
"FAYETTE","20","WINDGATE"
"FAYETTE","33","CAMP CREEK"
"FAYETTE","11","SHAKERAG EAST"
"COWETA","07","FISCHER ROAD"
"COWETA","23","CANNONGATE"
"FAYETTE","09","RAREOVER"
"COWETA","13","RAYMOND"
"COWETA","18","THE NEWNAN CENTRE"
"COWETA","21","WHITE OAK"
"COWETA","25","NORTHSIDE"
"SPALDING","16","16"
"SPALDING","17","17"
"SPALDING","20","20"
"HENRY","29","LOWES"
"HENRY","32","MOUNT CARMEL"
"HENRY","51","OAKLAND"
"HENRY","57","DUTCHTOWN"
"HENRY","50","PATES CREEK"
"HENRY","33","RED OAK"
"HENRY","49","SHILOH"
"HENRY","48","UNITY GROVE"
"HENRY","59","GROVE PARK"
"HENRY","26","TUSSAHAW"
"HENRY","35","MCDONOUGH"
"LAMAR","1714","MILNER"
"SPALDING","07","07"
"SPALDING","11","11"
"SPALDING","06","06"
"LAMAR","1711","BARNESVILLE"
"SPALDING","10","10"
"SPALDING","08","08"
"SPALDING","05","05"
"SPALDING","01","01"
"SPALDING","03","03"
"SPALDING","02","02"
"SPALDING","13","13"
"CLAYTON","PH2","PANHANDLE 2"
"CLAYTON","LJ6","LOVEJOY 6"
"HENRY","30","SOUTH HAMPTON"
"HENRY","31","NORTH HAMPTON"
"JENKINS","1","PRIMARY SCHOOL"
"JENKINS","2","COURT HOUSE"
"BURKE","0008","MUNNERLYN"
"JENKINS","4","SENIOR CITIZENS CENTER"
"CHARLTON","5F","FOLKSTON FIRE"
"CAMDEN","04","BROWNTOWN"
"WARE","409","409"
"WARE","404","404"
"WARE","405","405"
"BURKE","0001","ALEXANDER"
"BURKE","0004","GOUGH"
"JEFFERSON","0077","MATTHEWS"
"BURKE","0006","KEYSVILLE"
"BULLOCH","2","BLITCH"
"SCREVEN","05","ROCKY FORD"
"JENKINS","3","PERKINS"
"TIFT","04","CHULA"
"TIFT","09","TIFTON NORTHWEST"
"TIFT","01","TIFTON NORTHEAST"
"WORTH","3","POULAN"
"WORTH","2","SYLVESTER EAST"
"WORTH","5","SHINGLER"
"COFFEE","2","AMBROSE"
"COFFEE","1","DOUGLAS"
"BULLOCH","9","REGISTER"
"BULLOCH","11","STATESBORO"
"CAMDEN","01","TARBORO"
"BRANTLEY","2","NAHUNTA"
"PIERCE","4A","PATTERSON"
"CHARLTON","5W","WINOKUR"
"EVANS","11","VETERANS COMM CTR"
"BULLOCH","8","SINKHOLE"
"TURNER","2","SYCAMORE"
"TIFT","12","TIFTON LODGE"
"TATTNALL","7","EAST GLENNVILLE"
"LONG","1","BEARDS CREEK"
"TOOMBS","39","39 NEWBRANCH"
"WAYNE","1B","MADRAY SPRINGS"
"LONG","6","ALMA FLOURNOY"
"WAYNE","5A","UNITY"
"WAYNE","4A","VFW"
"WAYNE","3A","ALTAMAHA"
"RICHMOND","802","802"
"BURKE","0011","TELFAIR"
"RICHMOND","608","608"
"RICHMOND","806","806"
"RICHMOND","808","808"
"RICHMOND","607","607"
"RICHMOND","506","506"
"WAYNE","2A","SCREVEN"
"WAYNE","2C","EMPIRE"
"WAYNE","2D","RED HILL"
"BULLOCH","12","PORTAL"
"JENKINS","5","FOUR POINTS"
"BULLOCH","1","LOCKHART"
"BULLOCH","10","EMIT"
"BULLOCH","4","BROOKLET"
"BULLOCH","13","FAIR"
"CAMDEN","03","WOODBINE"
"CAMDEN","14","WEST SAINT MARYS"
"CAMDEN","11","ST. MARYS"
"WAYNE","3B","GARDI"
"GLYNN","1713","STERLING ELEMENTARY"
"PIERCE","4B","MERSHON"
"APPLING","4B","4B"
"MCINTOSH","271","NORTH DARIEN"
"MCINTOSH","1312","SAPELO ISLAND"
"BURKE","0009","SARDIS"
"SCREVEN","10","SR CITIZENS CENTER"
"SCREVEN","07","HILTONIA"
"SCREVEN","02","HUNTERS"
"SCREVEN","06","BAY BRANCH"
"SCREVEN","08","SCREVEN REC. DEPT."
"LONG","7","FAITH BAPTIST ANNEX"
"MCINTOSH","1771","DARIEN"
"LONG","5","TIBET"
"LONG","2","RYE PATCH/OAK DALE"
"COLQUITT","0023","WARRIOR"
"COLQUITT","0022","TYTY"
"TIFT","07","OMEGA"
"TIFT","05","DOCIA"
"TIFT","10","TIFTON SOUTH"
"BERRIEN","1144","RAY CITY"
"LOWNDES","012","NORTHGATE ASSEMBLY"
"BERRIEN","11062","WEST BERRIEN"
"BERRIEN","1642","ENIGMA"
"TIFT","11","MOTT-LITMAN GYM"
"COOK","L","LENOX"
"COOK","M","MASSEE"
"TIFT","06","ELDORADO"
"TIFT","03","BROOKFIELD"
"LOWNDES","007","CLYATTVILLE"
"BACON","DOUGL","DOUGLAS"
"COFFEE","3","BRIDGETOWN"
"ATKINSON","0003","WILLACOOCHEE"
"ATKINSON","0001","PEARSON COUNTY"
"ATKINSON","0004","PEARSON CITY"
"COFFEE","6","WEST GREEN"
"COFFEE","5","NICHOLLS"
"JEFF DAVIS","402","WHITEHEAD 2"
"BRYAN","9","PUBLIC SAFETY COMPX"
"BRYAN","5","RH RECREATION COMPX"
"BRYAN","6","J.F.GREGORY PARK"
"BULLOCH","7","NEVILS"
"MCINTOSH","1515","CRESCENT"
"MCINTOSH","22","SOUTH NEWPORT"
"LIBERTY","5","FLEMING WEST"
"BERRIEN","1157","NASHVILLE"
"BERRIEN","518","ALAPAHA"
"LIBERTY","13","BUTTON GWINNETT"
"BULLOCH","15","PITTMAN PARK"
"BULLOCH","14","CHURCH"
"BULLOCH","3","HAGIN"
"CLINCH","D","DUPONT"
"PIERCE","0001","HACKLEBARNEY/CASON"
"PIERCE","4D","SUNSET/SWEAT"
"CHARLTON","3B","GA BEND"
"CLINCH","F","FARGO"
"CLINCH","H","HOMERVILLE"
"LANIER","1","LAKELAND"
"CLINCH","AB","ARABIA"
"ECHOLS","1058","STATENVILLE"
"LOWNDES","009","S LOWNDES"
"LOWNDES","008","DASHER"
"LOWNDES","004","NAYLOR"
"BROOKS","660","MORVEN"
"LOWNDES","001","HAHIRA TRAIN DEPOT"
"COOK","NL","NEW LIFE BAPTIST CH."
"COOK","C","CECIL"
"COOK","DB","DELLE BEAMGUARD"
"LOWNDES","006","MILDRED"
"LOWNDES","013","MT CALVARY"
"LOWNDES","011","JAYCEE SHACK"
"LOWNDES","002","TRINITY"
"BROOKS","1712","PAVO"
"COLQUITT","0014","HOPEWELL"
"COLQUITT","0020","ROBINSON"
"COLQUITT","0015","LEE"
"LOWNDES","005","RAINWATER"
"LOWNDES","003","NORTHSIDE"
"LOWNDES","010","VSU UC # 2"
"COOK","RB","RIVERBEND"
"COOK","EP","ELM PINE"
"COOK","S","SPARKS"
"COLQUITT","0007","AUTREYVILLE"
"COLQUITT","0002","MOULTRIE"
"WARE","400","400"
"PIERCE","0002","BLACKSHEAR"
"PIERCE","3A","ST JOHNS/BLACKSHEAR"
"WARE","200B","200B"
"PIERCE","4C","ALABAHA"
"PIERCE","3B","OTTER CREEK"
"WARE","407","407"
"CHARLTON","5R","RACEPOND"
"WARE","304","EMERSON PARK BAPTIST CHURCH"
"WARE","100","100"
"CLINCH","AG","ARGYLE"
"ATKINSON","0002","AXSON"
"WARE","408","408"
"WARE","300","300"
"WARE","406","406"
"WARE","200A","200A"
"CHARLTON","3S","ST. GEORGE"
"CHARLTON","4A","AMERICAN LEGION"
"CHARLTON","4H","HOMELAND"
"CHARLTON","2","FOLKSTON"
"BRANTLEY","1","HOBOKEN"
"TOOMBS","514","514 S.T.I.A.L.C."
"EMANUEL","0050","OAK PARK"
"EMANUEL","1502","NUNEZ"
"HANCOCK","4A","YOUTH CENTER"
"HANCOCK","3B","POWER OF GOD"
"GREENE","006","WHITE PLAINS"
"JEFF DAVIS","502","OCMULGEE 2"
"TELFAIR","LU","LUMBER-CITY"
"JEFF DAVIS","302","BLACKBURN 2"
"TELFAIR","SC","SCOTLAND"
"WHEELER","1","ALAMO"
"WHEELER","2","GLENWOOD"
"MONTGOMERY","05","MOUNT VERNON"
"TWIGGS","JV/W","JEFFERSONVILLE/WARE"
"LAURENS","14","HARVARD"
"WILKINSON","11","TURKEY CREEK"
"WILKINSON","04","HIGH HILL"
"HOUSTON","CENT","CENT"
"HOUSTON","CGTC","CGTC"
"PEACH","C1","CLAUDE"
"HOUSTON","MCMS","MCMS"
"HOUSTON","TMS","TMS"
"TREUTLEN","ANNEX","ANNEX"
"LAURENS","22","LCFS #10 (VALAMBROSIA)"
"LAURENS","16","RURAL FIRE STA #17"
"BIBB","HO5","HOWARD 5"
"JONES","9","FINNEY"
"HOUSTON","BMS","BMS"
"TWIGGS","SG/T","SHADY GROVE/TARVERS"
"EMANUEL","0058","STILLMORE"
"TATTNALL","1","COBBTOWN"
"CANDLER","CAND","JACK STRICKLAND COMMUNITY CENTER"
"WILKINSON","02","BLOODWORTH"
"LAURENS","12","DUDLEY"
"LAURENS","18","W T ADAMS FIRE STA #18"
"WILKINSON","03","GRIFFIN"
"DODGE","CLARK","CLARK"
"LAURENS","08","BURCH"
"LAURENS","10","CADWELL"
"LAURENS","19","REEDY SPRINGS"
"LAURENS","13","HAMPTON MILL"
"BLECKLEY","1","1"
"DODGE","RAWLI","RAWLI"
"DODGE","YONKE","YONKE"
"DODGE","PLAIN","PLAIN"
"DODGE","MULLI","MULLI"
"COFFEE","4","BROXTON"
"TELFAIR","MI","MILAN"
"TELFAIR","JA","JACKSONVILLE"
"LAURENS","21","SMITH"
"LAURENS","11","BREWTON"
"JOHNSON","1266","SMITH"
"JOHNSON","1201","WRIGHTSVILLE"
"WASHINGTON","91","HARRISON"
"WASHINGTON","1488","TENNILLE"
"WASHINGTON","97","SANDERSVILLE"
"WASHINGTON","1253","RIDDLEVILLE"
"WASHINGTON","94","DAVISBORO"
"EMANUEL","1748","ADRIAN"
"JOHNSON","55","KITE"
"EMANUEL","0053","SWAINSBORO"
"PULASKI","ANNEX","COURTHOUSE ANNEX"
"HOUSTON","VHS","VHS"
"JEFFERSON","0082","LOUISVILLE"
"WASHINGTON","1350","WARTHEN"
"HANCOCK","4C","SPARTA 4C"
"GLASCOCK","EDGH","EDGEHILL"
"GLASCOCK","MITC","MITCHELL"
"GLASCOCK","GIBS","GIBSON"
"HOUSTON","ROZR","ROZR"
"WILCOX","1A","ROCHELLE NORTH #1"
"WILCOX","2B","PINEVIEW #2"
"LAURENS","15","MINTER"
"TREUTLEN","SOPE","SOPERTON"
"MONTGOMERY","07","UVALDA"
"LAURENS","04","CALHOUN PARK"
"LAURENS","07","BUCKEYE"
"JOHNSON","1301","BRAY"
"WILKINSON","07","LORD"
"WASHINGTON","88","OCONEE"
"COLUMBIA","025","BESSIE THOMAS CENTER"
"EMANUEL","0057","SUMMERTOWN"
"EMANUEL","1560","TWIN CITY"
"EMANUEL","1429","GARFIELD"
"BEN HILL","2","WEST"
"WILCOX","5A","ABBEVILLE SOUTH #5"
"TURNER","1","ASHBURN"
"CRISP","ARABI","ARABI"
"CRISP","LISTO","LISTONIA"
"TIFT","02","BRIGHTON"
"IRWIN","0901","IRWINVILLE"
"TURNER","3","REBECCA"
"WILCOX","3A","PITTS #3"
"WILCOX","4A","ROCHELLE SOUTH #4"
"DODGE","LEE","LEE"
"DODGE","EDDIN","EDDIN"
"DODGE","EMPIR","EMPIR"
"IRWIN","1529","OCILLA"
"IRWIN","1753","HOLT"
"DODGE","MILAN","MILAN"
"DODGE","CHAUN","CHAUN"
"DODGE","JONES","JONES"
"DODGE","JAYBI","JAYBI"
"TELFAIR","MC","MCRAE"
"TELFAIR","HE","HELENA"
"WILCOX","2A","ABBEVILLE NORTH #2"
"DODGE","MITCH","MITCH"
"DODGE","PONDT","PONDT"
"DODGE","VILUL","VILUL"
"DODGE","MCCRA","MCCRA"
"DOOLY","5","UNADILLA"
"HOUSTON","HEFS","HEFS"
"BEN HILL","1","EAST"
"PUTNAM","104","104"
"PUTNAM","105","105"
"PUTNAM","106","106"
"GREENE","008","OLD SALEM"
"WASHINGTON","99","DEEPSTEP"
"HANCOCK","4B","SECOND DARRIEN"
"HANCOCK","2B","SECOND BEULAH"
"HANCOCK","1B","ST. MARK"
"JASPER","290","WYATT"
"JONES","6","BARRON"
"MONROE","12","MIDDLEBROOKS"
"JONES","8","SANDERS"
"JASPER","295","MONTICELLO"
"WILKINSON","10","RAMAH"
"WILKINSON","05","IRWINTON"
"BALDWIN","322","COOPERS"
"WILKINSON","06","IVEY"
"WILKINSON","08","MIDWAY"
"BALDWIN","1714","SCOTTSBORO"
"BALDWIN","CTY6","NORTH MILLEDGEVILLE"
"BALDWIN","MONT","EAST BALDWIN"
"JONES","3","ROBERTS"
"JONES","2","CLINTON"
"JONES","1","GRAY"
"JONES","11","ETHRIDGE"
"BALDWIN","CTY2","CITY HALL ANNEX"
"BALDWIN","321E","EAST HARDWICK"
"BALDWIN","CTY3","BODDIE"
"BALDWIN","319","WEST BALDWIN"
"BALDWIN","MERI","MERIWEATHER"
"BALDWIN","321W","WEST HARDWICK"
"BALDWIN","CTY5","FIRE DEPT"
"BALDWIN","318","NORTH BALDWIN"
"PUTNAM","107","107"
"PUTNAM","101","101"
"HOUSTON","RECR","RECR"
"TWIGGS","GI","GOLDEN ISLES"
"BIBB","GF1","GODFREY 1"
"BIBB","GF3","GODFREY 3"
"BIBB","GF4","GODFREY 4"
"BIBB","GF2","GODFREY 2"
"BIBB","EM1","EAST MACON 1"
"BIBB","EM2","EAST MACON 2"
"BIBB","EM4","EAST MACON 4"
"BIBB","EM5","EAST MACON 5"
"JONES","10","HAWKINS"
"BIBB","HA3","HAZZARD 3"
"BIBB","GF5","GODFREY 5"
"BIBB","HA1","HAZZARD 1"
"BIBB","HO1","HOWARD 1"
"BIBB","WA2","WARRIOR 2"
"BIBB","RU1","RUTLAND 1"
"HOUSTON","NSES","NSES"
"BIBB","RU2","RUTLAND 2"
"HOUSTON","HHPC","HHPC"
"PEACH","B2","BYRON #2"
"HOUSTON","TWPK","TWPK"
"HOUSTON","FMMS","FMMS"
"HOUSTON","ANNX","ANNX"
"HOUSTON","HCTC","HCTC"
"BIBB","VV2","VINEVILLE 2"
"BIBB","VV1","VINEVILLE 1"
"BIBB","EM3","EAST MACON 3"
"BIBB","HO3","HOWARD 3"
"BIBB","VV3","VINEVILLE 3"
"BIBB","VV6","VINEVILLE 6"
"BIBB","VV5","VINEVILLE 5"
"BIBB","HO4","HOWARD 4"
"BIBB","VV4","VINEVILLE 4"
"BIBB","HO7","HOWARD 7"
"BIBB","HO6","HOWARD 6"
"LAURENS","05","FIRE DEPT STA #5"
"LAURENS","03","FBC - FLC"
"HANCOCK","1A","DEVEREUX FIRE STATION"
"HANCOCK","3C","WARREN CHAPEL"
"BALDWIN","CTY1","SOUTH MILLEDGEVILLE"
"BALDWIN","CTY4","COURTHOUSE"
"APPLING","3A1","3A1"
"TATTNALL","9","DISTRICT V"
"MONTGOMERY","02","ALSTON"
"MONTGOMERY","01","AILEY"
"MONTGOMERY","03","HIGGSTON"
"TOOMBS","43","43 CEDAR CROSSING"
"APPLING","5A","5A"
"APPLING","1C","1C"
"APPLING","1B","1B"
"TOOMBS","15361","15361 LYONS"
"TATTNALL","10","SHILOH"
"WAYNE","1A","ODUM"
"APPLING","2","2"
"TATTNALL","8","DISTRICT IV"
"TATTNALL","4","MANASSAS"
"APPLING","3C","3C"
"APPLING","4D","4D"
"JEFF DAVIS","301","BLACKBURN 1"
"APPLING","5B","5B"
"JEFF DAVIS","201","ALTAMAHA 1"
"JEFF DAVIS","100","HAZLEHURST"
"JEFF DAVIS","202","ALTAMAHA 2"
"JEFF DAVIS","401","WHITEHEAD 1"
"JEFF DAVIS","501","OCMULGEE 1"
"TOOMBS","513","513 V.P.D."
"MONTGOMERY","06","TARRYTOWN"
"MONTGOMERY","04","KIBBEE"
"WAYNE","1C","OGLETHORPE"
"WAYNE","5B","REC CENTER"
"WAYNE","4B","PINE STREET"
"TATTNALL","5","DISTRICT II"
"TATTNALL","3","COLLINS"
"MCDUFFIE","139","139"
"MCDUFFIE","131","131"
"MCDUFFIE","137","137"
"MCDUFFIE","133A","133A"
"MCDUFFIE","133B","133B"
"COLUMBIA","024","SECOND MOUNT MORIAH BAPTIST CHURCH"
"RICHMOND","804H","804H"
"RICHMOND","810","810"
"COLUMBIA","022","HARLEM SENIOR CENTER"
"RICHMOND","801","801"
"RICHMOND","803","803"
"RICHMOND","801B","801B"
"COLUMBIA","020","HARLEM BRANCH LIBRARY"
"EMANUEL","1208","BLUNDALE"
"JEFFERSON","0085","BARTOW"
"JEFFERSON","0083","WADLEY"
"EMANUEL","0052","CROSS-GREEN"
"BURKE","0015","SOUTH WAYNESBORO"
"BURKE","0014","NORTH WAYNESBORO"
"BURKE","0005","GREENSCUT"
"BURKE","0012","ST. CLAIR"
"BURKE","0016","BLAKENEY"
"BURKE","0002","FOUR POINTS"
"GLASCOCK","MILL","MILL"
"JEFFERSON","1460","STAPLETON"
"JEFFERSON","0081","WRENS"
"EMANUEL","1333","CANOOCHEE"
"BURKE","0007","MIDVILLE"
"BURKE","0013","VIDETTE"
"BURKE","0010","SCOTTS CROSSROADS"
"MCDUFFIE","135","135"
"MCDUFFIE","134","134"
"MCDUFFIE","136","136"
"RICHMOND","210","210"
"RICHMOND","303","303"
"RICHMOND","108","108"
"RICHMOND","204","204"
"RICHMOND","304","304"
"RICHMOND","201","201"
"RICHMOND","309","309"
"RICHMOND","306","306"
"RICHMOND","502","502"
"RICHMOND","503","503"
"RICHMOND","507","507"
"RICHMOND","504","504"
"RICHMOND","401","401"
"RICHMOND","509","509"
"RICHMOND","501","501"
"COLUMBIA","032","G A APOSTOLIC CHURCH"
"COLUMBIA","075","BELAIR BAPTIST CHURCH"
"RICHMOND","603","603"
"RICHMOND","605","605"
"RICHMOND","604","604"
"RICHMOND","114","114"
"RICHMOND","805","805"
"RICHMOND","115","115"
"RICHMOND","111","111"
"RICHMOND","105","105"
"RICHMOND","102","102"
"RICHMOND","701","701"
"RICHMOND","305","305"
"RICHMOND","302","302"
"RICHMOND","301","301"
"COLUMBIA","080","WESTSIDE BAPT CHURCH"
"COLUMBIA","090","ABILENE BAPTIST"
"COLUMBIA","110","MTZ COL FIRE HDQTR."
"RICHMOND","308","308"
"COLUMBIA","115","MARTINEZ BAPTIST"
"RICHMOND","804","804"
"RICHMOND","807","807"
"RICHMOND","809","809"
"RICHMOND","406","406"
"RICHMOND","405","405"
"RICHMOND","404","404"
"RICHMOND","601","601"
"RICHMOND","310","310"
"RICHMOND","402","402"
"COLUMBIA","065","CHRIST SANCTIFIED"
"RICHMOND","207","207"
"RICHMOND","203","203"
"RICHMOND","101","101"
"RICHMOND","307","307"
"RICHMOND","107","107"
"RICHMOND","104","104"
"RICHMOND","202","202"
"RICHMOND","208","208"
"RICHMOND","106","106"
"RICHMOND","103","103"
"RICHMOND","109","109"
"RICHMOND","112","112"
"CAMDEN","05","HARRIETTS BLUFF"
"CAMDEN","10","NORTH ST MARYS"
"GLYNN","3733","CAREER ACADEMY"
"GLYNN","2713","CHRISTIAN RENEWAL"
"GLYNN","2923","HAMPTON RIVER"
"CAMDEN","12","SOUTH ST MARYS"
"CAMDEN","09","EAST KINGSLAND"
"CAMDEN","13","MUSH BLUFF"
"CAMDEN","06","WEST KINGSLAND"
"CAMDEN","08","KINGSLAND"
"CAMDEN","07","NORTH KINGSLAND"
"GLYNN","4933","THE CHAPEL"
"GLYNN","2953","JEKYLL ISLAND"
"GLYNN","2943","FIRST BAPTIST"
"GLYNN","2933","ST WILLIAM CHURCH"
"GLYNN","4913","BALLARD"
"GLYNN","3723","SE BAPTIST BLDG"
"GLYNN","3713","STERLING CH. OF GOD"
"GLYNN","3743","C B GREER SCHOOL"
"GLYNN","4923","NORTHSIDE CHURCH"
"GLYNN","1923","BROOKMAN"
"CAMDEN","02","WAVERLY"
"GLYNN","1933","SATILLA MARSHES"
"GLYNN","5933","URBANA-PERRY PARKS"
"GLYNN","5913","COLLEGE PLACE"
"GLYNN","1943","BLYTHE ISLAND BAPTIST CHURCH"
"GLYNN","5943","SELDEN PARK"
"GLYNN","5923","HOWARD COFFIN PARK"
"EFFINGHAM","3A","3A"
"EFFINGHAM","4C","4C"
"EFFINGHAM","2C","2C"
"EFFINGHAM","4B","4B"
"EFFINGHAM","3C","3C"
"EFFINGHAM","3B","3B"
"SCREVEN","04","JENK HILL FIRE STA"
"SCREVEN","12","COOPERVILLE FIRE STATION"
"SCREVEN","09","GREENHILL CHURCH"
"SCREVEN","01","SYLVANIA"
"CHATHAM","4-06C","FIRST BAPTIST CHURCH OF THE ISLAND"
"CHATHAM","4-05C","SAINT FRANCIS EPISCOPAL CHURCH"
"null","null","null"
"CHATHAM","4-02C","FRANK MURRAY COMMUNITY CENTER"
"CHATHAM","4-11C","TYBEE IS SCH CAFE"
"CHATHAM","3-13C","NEW COV 7 DAY ADV CH"
"CHATHAM","1-12C","ISLE OF HOPE BAPTIST"
"CHATHAM","3-05C","ALDERSGATE YOUTH CENTER"
"CHATHAM","3-12C","THUNDERBOLT MUN COMP"
"CHATHAM","1-17C","ISLANDS CHRISTIAN CH"
"CHATHAM","7-09C","SAVANNAH HOLY CHURCH OF GOD"
"CHATHAM","7-08C","BLOOMINGDALE COMMUNITY CENTER"
"CHATHAM","7-16C","POOLER RECREATION CENTER GYMNASIUM"
"CHATHAM","7-12C","POOLER RECREATION CENTER GYMNASIUM"
"BRYAN","3","BLACK CREEK"
"EFFINGHAM","1B","1B"
"CHATHAM","6-11C","BAMBOO FARMS"
"EFFINGHAM","1C","1C"
"EFFINGHAM","1D","1D"
"EFFINGHAM","1A","1A"
"EFFINGHAM","2A","2A"
"EFFINGHAM","3D","3D"
"CHATHAM","7-04C","LAKE SHORE COMMUNITY CENTER"
"CHATHAM","5-01C","BARTLETT MIDDLE SCHOOL"
"CHATHAM","6-06C","THE LIGHT CHURCH"
"CHATHAM","1-09C","IMMANUEL BAPTIST CHURCH"
"CHATHAM","5-05C","LIBERTY CITY COMMUNITY CENTER"
"CHATHAM","5-10C","TATUMVILLE COMMUNITY CENTER"
"CHATHAM","1-06C","CENTRAL CHURCH OF CHRIST"
"null","null","null"
"CHATHAM","7-05C","WOODLAWN BAPTIST CHURCH"
"CHATHAM","8-12C","BEACH HIGH SCHOOL"
"CHATHAM","8-15C","FIRST BAPTIST CH GARDEN CITY"
"CHATHAM","7-07C","ROTHWELL BAPTIST CHURCH"
"CHATHAM","8-16C","MIGHTY EIGHTH MUSEUM"
"CHATHAM","5-06C","SEED CHURCH"
"CHATHAM","5-07C","STATION 1"
"CHATHAM","5-08C","SAVANNAH PRIMITIVE BAPTIST CHURCH"
"CHATHAM","5-11C","LARGO-TIBET ELEMENTA"
"CHATHAM","8-13C","SAVANNAH CHRISTIAN S"
"CHATHAM","7-06C","POOLER CITY HALL"
"CHATHAM","7-13C","SOUTHSIDE FIRE TRAINING CENTER"
"CHATHAM","8-03C","SILK HOPE BAPTIST CHURCH"
"CHATHAM","6-08C","CHRIST MEMORIAL BAPTIST CHURCH"
"CHATHAM","4-12C","ST PETERS EPISCOPAL"
"CHATHAM","4-10C","GUARD HOUSE COMM CTR"
"CHATHAM","7-14C","COASTAL CATHEDRAL"
"CHATHAM","7-10C","PROGRESSIVE REC CTR"
"CHATHAM","6-01C","WHITE BLUFF PRESBYTERIAN CHURCH"
"CHATHAM","1-13C","THE SANCTUARY"
"CHATHAM","1-14C","COMPASSION CHRISTIAN CHURCH"
"CHATHAM","1-10C","ST. THOMAS EPISCOPAL CHURCH"
"CHATHAM","4-14C","SKIDAWAY ISLAND BAPTIST"
"CHATHAM","4-15C","SKIDAWAY ISLAND STAT"
"CHATHAM","6-10C","STATION 3"
"CHATHAM","4-13C","SKID IS PRES CHURCH"
"CHATHAM","6-02C","WINDSOR FOREST BAPTIST CHURCH SCHOOL"
"CHATHAM","1-16C","FERGUSON AVE BAPTIST"
"BRYAN","8","HWY 144 EAST"
"CHATHAM","6-09C","TRINITY LUTHERAN CHURCH"
"CHATHAM","6-03C","CRUSADER COMMUNITY CENTER"
"CHATHAM","6-05C","WINDSOR HALL"
"LIBERTY","6","FLEMING EAST"
"BRYAN","7","KELLER"
"BRYAN","10","DANIELSIDING"
"BRYAN","4","WAYS STATION"
"LIBERTY","3","LIBERTY COUNTY COMPLEX"
"LIBERTY","2","HINESVILLE"
"MCINTOSH","1480","TOWNSEND"
"LIBERTY","1","RICEBORO YOUTH CENTER"
"EFFINGHAM","5C","5C"
"EFFINGHAM","4A","4A"
"CHATHAM","4-08C","WILMINGTON ISLAND PRESBYTERIAN CHURCH"
"CHATHAM","4-07C","WILMINGTON ISLAND UNITED METHODIST CHURCH"
"CHATHAM","4-04C","LIGHTHOUSE BAPTIST CHURCH"
"CHATHAM","7-11C","COURTYARD BY MARRIOTT"
"EFFINGHAM","2B","2B"
"CHATHAM","7-15C","RICE CREEK SCHOOL"
"CHATHAM","7-01C","GARDEN CITY SENIOR CENTER"
"CHATHAM","7-03C","PB EDWARDS GYMNASIUM"
"LONG","4","NORTH LUDOWICI"
"LONG","3","SOUTH LUDOWICI"
"LIBERTY","11","LEWIS FRASIER SCHOOL"
"LIBERTY","7","GUM BRANCH"
"LIBERTY","4","WALTHOURVILLE"
"LIBERTY","10","LYMAN HALL SCHOOL"
"LIBERTY","9","HINESVILLE LODGE 271"
"LIBERTY","12","MEMORIAL DR. EAST"
"LIBERTY","14","TOWN OF ALLENHURST"
"BULLOCH","5","STILSON"
"BULLOCH","16","LEEFIELD"
"BRYAN","1","PEMBROKE"
"BULLOCH","6","BAY"
"BRYAN","2","ELLABELL"
"CHATHAM","8-07C","WOODVILLE-TOMPKINS TECHNICAL INST"
"EFFINGHAM","5B","5B"
"EFFINGHAM","5A","5A"
"CHATHAM","3-04C","FIRST AFRICAN BAPTIST CHURCH"
"CHATHAM","3-03C","SAVANNAH HIGH SCHOOL"
"CHATHAM","3-15C","ELI WHITNEY COMPLEX"
"CHATHAM","3-09C","COKESBURY METHODIST CHURCH"
"CHATHAM","3-08C","JENKINS HIGH SCHOOL"
"CHATHAM","3-10C","BIBLE BAPTIST CHURCH"
"CHATHAM","2-09C","SALVATION ARMY"
"CHATHAM","8-11C","BUTLER ELEMENTARY SC"
"CHATHAM","8-10C","CARVER HEIGHTS COMM"
"CHATHAM","3-14C","OGLETHORPE CHARTER ACADEMY"
"CHATHAM","1-08C","GRACE UNITED METHODIST CHURCH"
"CHATHAM","3-11C","SOUTHSIDE BAPTIST CH"
"CHATHAM","1-05C","J E A"
"CHATHAM","1-01C","FIRST PRESBYTERIAN CHURCH"
"CHATHAM","2-11C","STILLWELL TOWERS"
"CHATHAM","2-02C","BLACKSHEAR COMMUNITY CENTER"
"CHATHAM","2-06C","ELI WHITNEY COMPLEX"
"CHATHAM","3-01C","OLD COURTHOUSE"
"CHATHAM","3-02C","TEMPLE MICKVE ISRAEL"
"CHATHAM","2-03C","W W LAW CENTER"
"CHATHAM","2-04C","FELLOWSHIP OF LOVE COMMUNITY CHURCH"
"CHATHAM","2-07C","CHRIST COMMUNITY CHURCH AT MORNINGSIDE"
"CHATHAM","5-03C","BUTLER PRESBYTERIAN CHURCH ED BLDG"
"CHATHAM","8-06C","TOMPKINS RECREATION CENTER"
"CHATHAM","5-02C","SENIOR CITIZEN CENTER"
"CHATHAM","8-05C","WEST BROAD STREET YMCA"
"CHATHAM","8-08C","RESURRECTION OF OUR LORD CATHOLIC CHURCH"
"CHATHAM","8-09C","MOSES JACKSON CENTER"
"CHATHAM","8-01C","CIVIC CENTER"
"CHATHAM","2-12C","WILLIAMS COURT APTS"
"CHATHAM","8-02C","HELLENIC CENTER"
"CHATHAM","2-05C","HOLY SPIRIT LUTHERAN CHURCH"
"UNION","11","CHOESTOE"
"UNION","6","TRACKROCK"
"WHITE","051","MT YONAH"
"NEWTON","02","TOWN"
"NEWTON","12","GUM CREEK"
"WALTON","422","WEST WALTON"
"GWINNETT","052","BERKSHIRE G"
"GWINNETT","118","GARNERS F"
"GWINNETT","112","BERKSHIRE N"
"HALL","020","WEST WHELCHEL"
"HALL","027","BIG HICKORY"
"HALL","019","WHELCHEL"
"HALL","015","QUILLIANS"
"HALL","002","CHICOPEE"
"HALL","023","GAINESVILLE III"
"GWINNETT","039","DUNCANS D"
"HALL","028","FRIENDSHIP I"
"HALL","008","MORGAN I"
"HALL","009","MORGAN II"
"GWINNETT","108","BAYCREEK E"
"GWINNETT","145","BAYCREEK G"
"WALTON","421","LOGANVILLE SOUTH"
"GWINNETT","146","BAYCREEK H"
"GWINNETT","091","BAYCREEK D"
"GWINNETT","147","BAYCREEK I"
"GWINNETT","080","BAYCREEK C"
"GWINNETT","090","LAWRENCEVILLE I"
"GWINNETT","085","LAWRENCEVILLE H"
"GWINNETT","132","LAWRENCEVILLE K"
"GWINNETT","060","LAWRENCEVILLE D"
"GWINNETT","042","LAWRENCEVILLE C"
"GWINNETT","003","DACULA"
"GWINNETT","152","ROCKYCREEK C"
"GWINNETT","137","ROCKYCREEK B"
"GWINNETT","154","PUCKETTS D"
"GWINNETT","008","DUNCANS A"
"GWINNETT","013","DUNCANS C"
"FULTON","RW09A","RW09A"
"CHEROKEE","028","MOUNTAIN ROAD"
"GWINNETT","133","HARBINS B"
"GWINNETT","028","ROCKYCREEK A"
"GWINNETT","129","DUNCANS B"
"BARROW","03","03"
"BARROW","04","04"
"HALL","006","FLOWERY BRANCH II"
"GWINNETT","009","PUCKETTS A"
"GWINNETT","135","PUCKETTS C"
"HALL","029","FRIENDSHIP II"
"HALL","005","FLOWERY BRANCH I"
"HALL","031","FRIENDSHIP IV"
"HALL","030","FRIENDSHIP III"
"FORSYTH","04","04 CHESTATEE"
"HALL","004","OAKWOOD II"
"WALTON","417","LOGANVILLE NORTH"
"WALTON","424","BAY CREEK"
"GWINNETT","001","HARBINS A"
"GWINNETT","151","HARBINS C"
"WALTON","1663","BOLD SPRINGS"
"WALTON","416","WALNUT GROVE"
"WALTON","423","BROKEN ARROW"
"WALTON","427","TARA"
"WALTON","502","JERSEY"
"WALTON","415","BETWEEN"
"HALL","003","OAKWOOD I"
"HALL","001","WILSON"
"HALL","018","FORK"
"DAWSON","03","EAST"
"HALL","017","CHESTATEE"
"HALL","016","BARK CAMP"
"NEWTON","01","CITY POND"
"NEWTON","17","OXFORD"
"LUMPKIN","DA","DAHLONEGA"
"MURRAY","1291","SOUTHWEST"
"UNION","5","SUCHES"
"UNION","2","JONES CREEK"
"UNION","10","COOSA"
"UNION","3","OWLTOWN"
"UNION","7","DOOLEY"
"UNION","9","PAT COLWELL"
"WHITE","031","HELEN"
"WHITE","011","BLUE CREEK"
"WHITE","061","NACOOCHEE"
"WHITE","071","ROBERTSTOWN"
"TOWNS","1468","YOUNG HARRIS"
"PAULDING","0001B","BURNT HICKORY PARK"
"PAULDING","0005C","PAULDING SENIOR CENTER"
"PAULDING","0010B","POPLAR SPRINGS BAPTIST CHURCH"
"PAULDING","0012C","TAYLOR FARM PARK MEETING ROOM"
"PAULDING","0006B","LEGACY BAPTIST CHURCH"
"PAULDING","0009B","THE EVENTS PLACE"
"GORDON","980","RESACA"
"DADE","1038","SOUTH DADE"
"DADE","1214","NEW SALEM"
"DADE","960","TRENTON"
"DOUGLAS","731","BEULAH BAPTIST CHURCH"
"DOUGLAS","1273","TURNER"
"PAULDING","0015C","MULBERRY ROCK PARK"
"FANNIN","SKEN","SKENIAH"
"FANNIN","NOON","NOONTOOTLA"
"FANNIN","MORG","MORGANTON"
"GILMER","12","BIG CREEK"
"GILMER","06","CHERRY LOG"
"FANNIN","TOCC","TOCCOA"
"FANNIN","COLW","COLWELL"
"FANNIN","MOBI","MOBILE"
"GILMER","02","CARTECAY"
"MURRAY","1895","SPRING PLACE"
"MURRAY","1039","SHUCK PEN"
"MURRAY","872","CARTERS-DOOLITTLE"
"WHITFIELD","ES","ES"
"WHITFIELD","FI","FI"
"WHITFIELD","GL","GL"
"WHITFIELD","NI","NI"
"GORDON","856","LILY POND"
"FLOYD","030","ETOWAH"
"BARTOW","14","TAYLORSVILLE"
"POLK","01","ARAGON"
"FLOYD","020","CAVE SPRING"
"FLOYD","045","FOSTER'S MILL"
"BARTOW","10","KINGSTON"
"FLOYD","010","ARMUCHEE"
"FLOYD","040","FLOYD SPRINGS"
"DOUGLAS","1271","EPHESUS BAPTIST CHUR"
"CARROLL","642","VILLA RICA CITY"
"DOUGLAS","1258","MIRROR LAKE ELEMENTA"
"WHITFIELD","5A","5A"
"WHITFIELD","PG","PG"
"CATOOSA","BOYN","BOYNTON"
"WHITFIELD","4A","4A"
"WHITFIELD","3A","3A"
"WHITFIELD","1A","1A"
"WHITFIELD","6A","6A"
"HARALSON","06","TWENTIETH"
"POLK","04","FISH CREEK"
"PAULDING","0016C","BEULAHLAND BAPTIST CHURCH"
"PAULDING","0017C","PAULDING COUNTY AIRPORT"
"POLK","06","ROCKMART"
"CARROLL","640","V R COUNTY SOUTH"
"CARROLL","641","V R COUNTY NORTH"
"HARALSON","09","MT VIEW"
"DAWSON","02","CENTRAL"
"DAWSON","01","WEST"
"FORSYTH","36","36 NICHOLS"
"WHITFIELD","TI","TI"
"WHITFIELD","DG","DG"
"WHITFIELD","AN","AN"
"WHITFIELD","MC","MC"
"CARROLL","1152","CENTER POINT"
"CARROLL","1122","SANDHILL"
"CARROLL","650","TEMPLE CITY"
"CARROLL","649","TEMPLE COUNTY"
"WALKER","0953","ARMUCHEE VALLEY"
"CATOOSA","WOOD","WOODSTATION"
"WHITFIELD","TR","TR"
"CATOOSA","BLCK","BLACKSTOCK"
"WHITFIELD","CA","CA"
"BARTOW","01","ADAIRSVILLE"
"GORDON","1064","OOSTANAULA"
"GORDON","1054","SUGAR VALLEY"
"GORDON","849-B","CALHOUN CITY"
"WALKER","1161","MOUNTAIN"
"WALKER","0917","WALNUT GROVE"
"DADE","1222","DAVIS"
"DADE","1885","NEW HOME"
"WALKER","1809","KENSINGTON"
"PAULDING","0007B","WATSON GOVT COMPLEX"
"PAULDING","0013B","NEBO ELEMENTARY SCHOOL"
"PAULDING","0014B","WHITE OAK PARK"
"BARTOW","11","MISSION ROAD"
"GORDON","849-A","GORDON COUNTY"
"BARTOW","09","FOLSOM"
"GORDON","1056","SONORAVILLE"
"GORDON","973","RED BUD"
"GORDON","1063","PINE CHAPEL"
"BARTOW","12","PINE LOG"
"GORDON","874","FAIRMOUNT"
"GORDON","1235","OAKMAN"
"PICKENS","7","TALKING ROCK"
"GILMER","04","TOWN CREEK"
"PICKENS","8","JASPER"
"CHEROKEE","033","SALACOA"
"PICKENS","4","JERUSALEM"
"PICKENS","5","LUDVILLE"
"PICKENS","3","HINTON"
"GILMER","05","LEACHES"
"COBB","WL01","WILLEO 01"
"BARTOW","08","EUHARLEE"
"CHATTOOGA","961","SEMINOLE"
"FLOYD","080","NORTH CAROLINA"
"FLOYD","015","BARKERS"
"CHATTOOGA","1083","COLDWATER"
"CHATTOOGA","925","SUMMERVILLE"
"CHATTOOGA","968","ALPINE"
"CHATTOOGA","C-968X927","CLOUDLAND-TELOGA"
"FLOYD","115","TEXAS VALLEY"
"FLOYD","050","GARDEN LAKES"
"FLOYD","075","MT ALTO NORTH"
"CHATTOOGA","1484","LYERLY"
"POLK","05","LAKE CREEK"
"POLK","03","CEDARTOWN"
"POLK","02","BLOOMING GROVE"
"HARALSON","08","LITTLE CREEK"
"HARALSON","07","FELTON"
"POLK","07","YOUNGS GROVE"
"HARALSON","02","BREMEN"
"HARALSON","05","CORINTH"
"HARALSON","10","SEVENTH"
"HARALSON","04","BUNCOMBE"
"HARALSON","12","TALLAPOOSA"
"HARALSON","11","BEREA-STEADMAN"
"HARALSON","13","WACO"
"HARALSON","03","BUCHANAN"
"CARROLL","1496","BOWDON JUNCTION"
"CARROLL","714BN","BURSON CENTER"
"FLOYD","001","ALTO PARK"
"FLOYD","130","WATTERS"
"CHATTOOGA","1382","HAYWOOD"
"CHATTOOGA","962","SUBLIGNA"
"FLOYD","035","EVERETT SPRINGS"
"GORDON","1055","PLAINVILLE"
"FLOYD","076","MT ALTO SOUTH"
"FLOYD","110","SOUTH ROME"
"FLOYD","090","EAST ROME"
"FLOYD","085","RIVERSIDE"
"FLOYD","055","GLENWOOD"
"CHATTOOGA","940","DIRTTOWN"
"CHATTOOGA","P-870","PENNVILLE"
"CHATTOOGA","870","TRION"
"FLOYD","135","WEST LINDALE"
"FLOYD","105","NORTH ROME"
"FLOYD","140","TOWN ROME"
"FLOYD","125","VANNS VALLEY"
"FLOYD","065","EAST LINDALE"
"FLOYD","060","HOWELL"
"FLOYD","025","CHULIO"
"DADE","1889","WEST BROW"
"DADE","974","NORTH DADE"
"WALKER","1501","CHATTANOOGA VALLEY"
"WHITFIELD","WS","WS"
"WHITFIELD","2A","2A"
"WHITFIELD","TH","TH"
"WALKER","0871","LA FAYETTE"
"CATOOSA","CHAM","CHAMBERS"
"CATOOSA","FT O","FT OGLETHORPE"
"CATOOSA","LAKE","LAKEVIEW"
"CATOOSA","WEST","WESTSIDE"
"CATOOSA","POPS","POPLAR SPRINGS"
"CATOOSA","GRAY","GRAYSVILLE"
"CATOOSA","RING","RINGGOLD"
"CATOOSA","CAKT","CATOOSA KEITH"
"WALKER","1818","CHICKAMAUGA"
"WALKER","0944","ROCK SPRING"
"WALKER","1851","FAIRYLAND"
"WALKER","1812","ROSSVILLE"
"WALKER","1893","FAIRVIEW"
"FULTON","JC18","JC18"
"FULTON","AP01C","AP01C"
"FULTON","JC16","JC16"
"FULTON","AP01A","AP01A"
"FULTON","AP12A","AP12A"
"FULTON","JC14","JC14"
"FULTON","AP14","AP14"
"FULTON","JC15","JC15"
"FULTON","JC10","JC10"
"FULTON","AP09A","AP09A"
"GWINNETT","082","DULUTH E"
"GWINNETT","056","DULUTH C"
"FULTON","JC11","JC11"
"FULTON","JC09","JC09"
"FULTON","JC07","JC07"
"FULTON","JC08","JC08"
"FULTON","JC05","JC05"
"FULTON","JC04B","JC04B"
"FULTON","JC03A","JC03A"
"FULTON","JC04A","JC04A"
"FULTON","JC03B","JC03B"
"FULTON","JC06","JC06"
"COBB","VG01","VININGS 01"
"FULTON","09F","09F"
"FULTON","08N2","08N2"
"FULTON","08N1","08N1"
"FULTON","08F1","08F1"
"FULTON","08A","08A"
"FULTON","08D","08D"
"FULTON","10K","10K"
"FULTON","10G","10G"
"FULTON","11H","11H"
"FULTON","10J","10J"
"FULTON","EP02E","EP02E"
"FULTON","12L","12L"
"FULTON","EP02B","EP02B"
"FULTON","12G","12G"
"COBB","TM01","TERRELL MILL 01"
"COBB","SO02","SOPE CREEK 02"
"FULTON","SS09A","SS09A"
"COBB","SO03","SOPE CREEK 03"
"FULTON","SS16","SS16"
"FULTON","RW05","RW05"
"FULTON","AP021","AP021"
"FULTON","RW06","RW06"
"FULTON","RW13","RW13"
"null","null","null"
"FULTON","AP01D","AP01D"
"FULTON","AP02B","AP02B"
"FULTON","AP022","AP022"
"FULTON","AP01B","AP01B"
"CLAYTON","OAK1","OAK 1"
"FULTON","CP02","CP02"
"FULTON","CP01B","CP01B"
"FULTON","EP02C","EP02C"
"FULTON","RW08","RW08"
"FULTON","RW12","RW12"
"FULTON","RW16","RW16"
"FULTON","RW12A","RW12A"
"DEKALB","DI","DUNWOODY LIBRARY (DUN)"
"DEKALB","AD","AUSTIN (DUN)"
"DEKALB","MQ","MOUNT VERNON EAST (DUN)"
"FULTON","SS15B","SS15B"
"FULTON","SS17","SS17"
"FULTON","SS15A","SS15A"
"COBB","RW01","ROSWELL 01"
"FULTON","RW02","RW02"
"FULTON","RW10","RW10"
"FULTON","RW09","RW09"
"FULTON","RW01","RW01"
"FULTON","RW03","RW03"
"COBB","MT01","MT BETHEL 01"
"FULTON","SS18B","SS18B"
"COBB","TR01","TIMBER RIDGE 01"
"FULTON","SS02A","SS02A"
"FULTON","SS19B","SS19B"
"FULTON","SS19A","SS19A"
"null","null","null"
"FULTON","SS26","SS26"
"FULTON","SS20","SS20"
"FULTON","SS22","SS22"
"null","null","null"
"FULTON","RW11A","RW11A"
"DEKALB","CE","CHAMBLEE (CHA)"
"DEKALB","CZ","CHAMBLEE 2 (CHA)"
"DEKALB","HF","HUNTLEY HILLS ELEM (CHA)"
"DEKALB","PB","PEACHTREE MIDDLE"
"DEKALB","DG","DUNWOODY 2 (DUN)"
"DEKALB","CH","CHESNUT ELEM (DUN)"
"DEKALB","TG","TILLY MILL ROAD (DUN)"
"COBB","MT03","MT BETHEL 03"
"COBB","FP01","FULLERS PARK 01"
"COBB","SM01","SEWELL MILL 01"
"COBB","MD01","MURDOCK 01"
"COBB","MT04","MT BETHEL 04"
"COBB","EA01","EASTSIDE 01"
"COBB","DO01","DODGEN 01"
"COBB","CR01","CHESTNUT RIDGE 01"
"COBB","RW02","ROSWELL 02"
"GWINNETT","007","DULUTH A"
"FULTON","JC01","JC01"
"FORSYTH","19","19 OLD ATLANTA"
"GWINNETT","155","SUWANEE G"
"GWINNETT","140","SUWANEE H"
"GWINNETT","017","MARTINS A"
"GWINNETT","077","GOODWINS C"
"GWINNETT","106","SUWANEE C"
"GWINNETT","131","SUWANEE E"
"GWINNETT","004","SUWANEE A"
"GWINNETT","098","GOODWINS F"
"GWINNETT","142","SUWANEE F"
"GWINNETT","100","SUWANEE B"
"GWINNETT","030","CATES C"
"FULTON","SS09B","SS09B"
"FULTON","SS13B","SS13B"
"FULTON","SS11D","SS11D"
"FULTON","SS11B","SS11B"
"FULTON","SS06","SS06"
"FULTON","SS05","SS05"
"FULTON","SS18A","SS18A"
"FULTON","SS31","SS31"
"FULTON","SS03","SS03"
"FULTON","SS13A","SS13A"
"FULTON","SS11A","SS11A"
"FULTON","SS11C","SS11C"
"FULTON","SS14","SS14"
"GWINNETT","070","GOODWINS B"
"GWINNETT","026","HOG MOUNTAIN A"
"GWINNETT","031","HOG MOUNTAIN D"
"GWINNETT","136","HOG MOUNTAIN C"
"GWINNETT","067","PUCKETTS E"
"GWINNETT","071","LAWRENCEVILLE F"
"GWINNETT","144","LAWRENCEVILLE M"
"GWINNETT","027","HOG MOUNTAIN B"
"FULTON","08M","08M"
"FULTON","07J","07J"
"FULTON","07H","07H"
"FULTON","08G","08G"
"FULTON","08C","08C"
"FULTON","08B","08B"
"FULTON","06I","06I"
"FULTON","12D","12D"
"FULTON","12A1","12A1"
"FULTON","04S","04S"
"FULTON","04X1","04X1"
"FULTON","04M","04M"
"FULTON","04T","04T"
"FULTON","10M","10M"
"FULTON","04X2","04X2"
"FULTON","04L","04L"
"COBB","LM02","LOST MOUNTAIN 02"
"COBB","FR01","FORD 01"
"COBB","DU01","DURHAM 01"
"COBB","KP03","KEMP 03"
"COBB","FY01","FREY 01"
"COBB","LM04","LOST MOUNTAIN 04"
"COBB","MS01","MARS HILL 01"
"FULTON","RW19","RW19"
"FULTON","ML01B","ML01B"
"FULTON","AP04A","AP04A"
"FULTON","ML01A","ML01A"
"CHEROKEE","003","AVERY"
"FULTON","AP04B","AP04B"
"FULTON","AP06","AP06"
"BARTOW","02","ALLATOONA"
"BARTOW","06","CENTER"
"FULTON","AP07B","AP07B"
"FULTON","ML02B","ML02B"
"FULTON","ML03A","ML03A"
"FULTON","AP10","AP10"
"FULTON","AP07A","AP07A"
"FULTON","ML04","ML04"
"FULTON","ML02A","ML02A"
"COBB","KE1A","KENNESAW 1A"
"COBB","BG01","BIG SHANTY 01"
"COBB","WG02","WADE GREEN 02"
"COBB","BG02","BIG SHANTY 02"
"CHEROKEE","038","UNION HILL"
"FULTON","ML03","ML03"
"FULTON","ML07A","ML07A"
"CHEROKEE","027","MACEDONIA"
"CHEROKEE","004","BALL GROUND"
"CHEROKEE","020","HIGHTOWER"
"FULTON","09H","09H"
"FULTON","08J","08J"
"CHEROKEE","006","BELLS"
"CHEROKEE","029","OAK GROVE"
"CHEROKEE","023","KELLOGG"
"CHEROKEE","040","VICTORIA"
"CHEROKEE","011","CARMEL"
"CHEROKEE","016","DIXIE"
"CHEROKEE","032","ROSECREEK"
"CHEROKEE","018","FREEHOME"
"FULTON","ML06A","ML06A"
"null","null","null"
"FULTON","AP12B","AP12B"
"FULTON","ML05","ML05"
"FULTON","ML06B","ML06B"
"FULTON","AP05","AP05"
"FORSYTH","02","02 BRANDYWINE"
"FULTON","ML07B","ML07B"
"CHEROKEE","035","SUTALLEE"
"CHEROKEE","041","WALESKA"
"CHEROKEE","012","WOODSTOCK"
"CHEROKEE","015","DEER RUN"
"CHEROKEE","044","NEESE"
"CHEROKEE","037","TOONIGH"
"CHEROKEE","024","LIBERTY"
"CHEROKEE","022","HOLLY SPRINGS"
"CHEROKEE","042","WILDCAT"
"CHEROKEE","043","WOODLANDS"
"CHEROKEE","026","LITTLE RIVER"
"CHEROKEE","001","AIR ACRES"
"FULTON","MP01","MP01"
"CHEROKEE","002","ARNOLD MILL"
"CHEROKEE","008","BRADSHAW"
"CHEROKEE","019","HICKORY FLAT"
"FORSYTH","34","34 FOWLER"
"FULTON","AP09B","AP09B"
"FULTON","JC04C","JC04C"
"FORSYTH","01","01 BIG CREEK"
"FORSYTH","21","21 SOUTH FORSYTH"
"FORSYTH","29","29 POLO"
"FORSYTH","10","10 MIDWAY"
"FORSYTH","15","15 HEARDSVILLE"
"FORSYTH","37","37 SAWNEE"
"FORSYTH","27","27 CONCORD"
"CHEROKEE","031","R T JONES"
"CHEROKEE","039","UNIVETER"
"CHEROKEE","013","CLAYTON"
"FULTON","09I","09I"
"FULTON","03E","03E"
"FULTON","04J","04J"
"FULTON","03L","03L"
"FULTON","03M","03M"
"FULTON","03N","03N"
"FULTON","09G","09G"
"PICKENS","2","HILL"
"PICKENS","9","TATE"
"PICKENS","12","REFUGE"
"PICKENS","6","NELSON"
"CHEROKEE","014","CONNS CREEK"
"PICKENS","1","YELLOW CREEK"
"PICKENS","10","SHARPTOP"
"GWINNETT","130","SUWANEE D"
"FORSYTH","25","25 WINDERMERE"
"FORSYTH","07","07 CUMMING"
"FORSYTH","08","08 MASHBURN"
"GWINNETT","105","SUGAR HILL F"
"GWINNETT","141","SUGAR HILL G"
"GWINNETT","025","SUGAR HILL B"
"GWINNETT","089","SUGAR HILL E"
"GWINNETT","054","SUGAR HILL C"
"CLAYTON","FP4","FOREST PARK 4"
"CLAYTON","FP1","FOREST PARK 1"
"FULTON","HP01","HP01"
"FULTON","12H1","12H1"
"FULTON","12E1","12E1"
"COBB","ME01","MCEACHERN 01"
"COBB","LM01","LOST MOUNTAIN 01"
"COBB","OR01","OREGON 01"
"PAULDING","0003C","SHELTON ELEMENTARY SCHOOL"
"PAULDING","0018C","PICKETTS MILL BAPTIST CHURCH"
"PAULDING","0004C","RUSSOM ELEMENTARY SCHOOL"
"PAULDING","0002C","CROSSROADS LIBRARY"
"COBB","VA01","VAUGHAN 01"
"FORSYTH","06","06 CROSSROADS"
"GWINNETT","024","SUGAR HILL A"
"CLAYTON","MO1","MORROW 1"
"DEKALB","BL","BOULDERCREST ROAD"
"CLAYTON","EW2","ELLENWOOD 2"
"DEKALB","CS","CEDAR GROVE SOUTH"
"DEKALB","CD","CEDAR GROVE ELEM"
"FULTON","12F","12F"
"FULTON","12A","12A"
"FULTON","12S","12S"
"FULTON","01J","01J"
"FULTON","12K","12K"
"FULTON","12N","12N"
"FULTON","04B","04B"
"FULTON","04V","04V"
"FULTON","04I","04I"
"FULTON","01F","01F"
"GWINNETT","055","SUGAR HILL D"
"GWINNETT","102","PUCKETTS B"
"HALL","007","ROBERTS"
"COBB","DC01","DICKERSON 01"
"COBB","SA01","SANDY PLAINS 01"
"COBB","PP01","POPE 01"
"COBB","MB01","MABRY 01"
"COBB","DV01","DAVIS 01"
"COBB","GM01","GARRISON MILL 01"
"COBB","PO01","POST OAK 01"
"COBB","HT01","HIGHTOWER 01"
"COBB","SF01","SHALLOWFORD FALLS 01"
"FULTON","05A2","05A2"
"FULTON","03G","03G"
"FULTON","03T","03T"
"FULTON","03P2","03P2"
"FULTON","04F","04F"
"null","null","null"
"FULTON","03I","03I"
"null","null","null"
"FULTON","02B","02B"
"FULTON","05C","05C"
"FULTON","05K","05K"
"FULTON","05D","05D"
"FULTON","05F","05F"
"FULTON","02L2","02L2"
"FULTON","02L1A","02L1A"
"FULTON","02C","02C"
"FULTON","02L1","02L1"
"FULTON","02K","02K"
"FULTON","03P1A","03P1A"
"FULTON","08P","08P"
"COBB","ML01","MCCLURE 01"
"COBB","AC1A","ACWORTH 1A"
"COBB","HL01","HARMONY-LELAND 01"
"COBB","LI01","LINDLEY 01"
"FULTON","10D","10D"
"FULTON","10E","10E"
"FULTON","10P","10P"
"FULTON","10H1","10H1"
"COBB","AC1B","ACWORTH 1B"
"FULTON","03C","03C"
"FULTON","03H","03H"
"FULTON","09K","09K"
"FULTON","09M","09M"
"FULTON","09E","09E"
"FULTON","09A","09A"
"FULTON","04C","04C"
"FULTON","03A","03A"
"FULTON","03D","03D"
"FULTON","03B","03B"
"FULTON","SC07D","SC07D"
"FULTON","SC13","SC13"
"DOUGLAS","785","BOUNDARY WATERS"
"FULTON","SC05A","SC05A"
"FULTON","SC05D","SC05D"
"FULTON","SC15A","SC15A"
"PAULDING","0019C","DOBBINS MIDDLE SCHOOL"
"DOUGLAS","736N","CHAPEL HILL"
"DOUGLAS","739","LUTHERAN CHURCH - GS"
"DOUGLAS","740","FIRST BAPTIST DOUGLASVILLE"
"DOUGLAS","737","CHESTNUT LOG"
"DOUGLAS","1276","DEER LICK"
"FULTON","SC18C","SC18C"
"FULTON","SC18B","SC18B"
"DOUGLAS","784","FACTORY SHOALS"
"DOUGLAS","1275","LITHIA SPRINGS HIGH SCHOOL"
"DOUGLAS","1274","FIRST BAPTIST LITHIA SPRINGS"
"DOUGLAS","1270","ATLANTA WEST PENTECOSTAL"
"FULTON","SC01A","SC01A"
"COBB","AU1A","AUSTELL 1A"
"COBB","CL01","CLARKDALE 01"
"COBB","PS2A","POWDER SPRINGS 2A"
"COBB","CO01","COOPER 01"
"COBB","OR02","OREGON 02"
"COBB","CL02","CLARKDALE 02"
"COBB","MA02","MABLETON 02"
"COBB","BT02","BRYANT 02"
"COBB","RS01","RIVERSIDE 01"
"FULTON","UC01A","UC01A"
"COBB","PS1A","POWDER SPRINGS 1A"
"COBB","PS3A","POWDER SPRINGS 3A"
"COBB","LM03","LOST MOUNTAIN 03"
"COBB","BR02","BIRNEY 02"
"COBB","BR01","BIRNEY 01"
"COBB","MA03","MABLETON 03"
"COBB","MA04","MABLETON 04"
"COBB","HR01","HARRISON 01"
"COBB","KP01","KEMP 01"
"COBB","HY01","HAYES 01"
"COBB","PM02","PINE MOUNTAIN 02"
"COBB","SN7A","SMYRNA 7A"
"COBB","NC01","NORTH COBB 01"
"COBB","MC01","MACLAND 01"
"COBB","OR05","OREGON 05"
"COBB","KP02","KEMP 02"
"COBB","OR04","OREGON 04"
"COBB","DL01","DOWELL 01"
"COBB","CH03","CHEATHAM HILL 03"
"COBB","MA01","MABLETON 01"
"COBB","SW02","SWEETWATER 02"
"DOUGLAS","1259","WINSTON"
"DOUGLAS","738","ST JULIANS EPISCOPAL"
"DOUGLAS","733","ARBOR STATION"
"DOUGLAS","730","OLD COURTHOUSE"
"DOUGLAS","729","GOLDEN METHODIST CH"
"DOUGLAS","732","STEWART"
"PAULDING","0008C","WEST RIDGE CHURCH"
"COBB","SW01","SWEETWATER 01"
"FULTON","UC02C","UC02C"
"null","null","null"
"FULTON","SC08G","SC08G"
"null","null","null"
"FULTON","SC08F","SC08F"
"null","null","null"
"FULTON","SC05E","SC05E"
"FULTON","SC20","SC20"
"FULTON","SC01B","SC01B"
"FULTON","UC02B","UC02B"
"FULTON","SC05B","SC05B"
"FULTON","SC08C","SC08C"
"FULTON","SC10","SC10"
"FULTON","CP081","CP081"
"FULTON","UC01E","UC01E"
"FULTON","SC17A","SC17A"
"FULTON","SC17C","SC17C"
"FULTON","SC19A","SC19A"
"FULTON","EP04B","EP04B"
"FULTON","SC18A","SC18A"
"FULTON","EP02A","EP02A"
"null","null","null"
"FULTON","11B","11B"
"FULTON","11B1","11B1"
"FULTON","11C","11C"
"FULTON","SC14A","SC14A"
"FULTON","SC30A","SC30A"
"FULTON","10A","10A"
"FULTON","11E3","11E3"
"FULTON","11E1","11E1"
"FULTON","11E2","11E2"
"FULTON","SC19B","SC19B"
"null","null","null"
"FULTON","EP04A","EP04A"
"FULTON","CP07C","CP07C"
"FULTON","CP051","CP051"
"null","null","null"
"FULTON","CP07E","CP07E"
"FULTON","11P","11P"
"FULTON","EP04C","EP04C"
"FULTON","10C","10C"
"FULTON","11N","11N"
"FULTON","11M","11M"
"FULTON","11M1","11M1"
"FULTON","SC30B","SC30B"
"FULTON","10R","10R"
"FULTON","10B","10B"
"FULTON","10I","10I"
"FULTON","10H2","10H2"
"FULTON","FC02","FC02"
"FULTON","09C","09C"
"FULTON","09B","09B"
"FULTON","09K1","09K1"
"FULTON","11R","11R"
"FULTON","EP01B","EP01B"
"FULTON","11K","11K"
"FULTON","EP02D","EP02D"
"FULTON","11G","11G"
"FULTON","12I","12I"
"FULTON","FC01","FC01"
"FULTON","SC01C","SC01C"
"FULTON","SC02","SC02"
"FULTON","SC16A","SC16A"
"FULTON","FC03","FC03"
"COBB","BT01","BRYANT 01"
"COBB","PE01","PEBBLEBROOK 01"
"FULTON","CP05B","CP05B"
"FULTON","CP07F","CP07F"
"FULTON","CP07D","CP07D"
"FULTON","CP07B","CP07B"
"FULTON","CP04B","CP04B"
"FULTON","CP04A","CP04A"
"FULTON","CP012","CP012"
"FULTON","EP03A","EP03A"
"FULTON","CP011","CP011"
"FULTON","EP01A","EP01A"
"FULTON","04D","04D"
"FULTON","04G","04G"
"FULTON","04A","04A"
"FULTON","04K","04K"
"FULTON","04W","04W"
"FULTON","10F","10F"
"FULTON","03S","03S"
"FULTON","09D","09D"
"COBB","EL05","ELIZABETH 05"
"COBB","BF02","BELLS FERRY 02"
"COBB","BW01","BLACKWELL 01"
"COBB","GT01","GRITTERS 01"
"COBB","BF03","BELLS FERRY 03"
"COBB","MK01","MCCLESKEY 01"
"COBB","NS01","NICHOLSON 01"
"COBB","AD01","ADDISON 01"
"COBB","MR6A","MARIETTA 6A"
"COBB","SI01","SIMPSON 01"
"COBB","LA01","LASSITER 01"
"COBB","KL01","KELL 01"
"COBB","RM01","ROCKY MOUNT 01"
"COBB","EA02","EASTSIDE 02"
"COBB","SO01","SOPE CREEK 01"
"COBB","MR5B","MARIETTA 5B"
"COBB","FO04","FAIR OAKS 04"
"COBB","MR2B","MARIETTA 2B"
"COBB","MR3B","MARIETTA 3B"
"COBB","SN5A","SMYRNA 5A"
"COBB","SN3A","SMYRNA 3A"
"COBB","SN4A","SMYRNA 4A"
"COBB","SN3B","SMYRNA 3B"
"COBB","DI01","DOBBINS 01"
"COBB","CH02","CHEATHAM HILL 02"
"COBB","PM01","PINE MOUNTAIN 01"
"COBB","KE2A","KENNESAW 2A"
"COBB","MS02","MARS HILL 02"
"COBB","PT01","PITNER 01"
"COBB","CK01","CHALKER 01"
"COBB","PR01","PALMER 01"
"COBB","BF04","BELLS FERRY 04"
"COBB","MR4B","MARIETTA 4B"
"COBB","EL01","ELIZABETH 01"
"COBB","EP01","EAST PIEDMONT 01"
"COBB","PF01","POWERS FERRY 01"
"null","null","null"
"FULTON","08E","08E"
"COBB","VG04","VININGS 04"
"COBB","MR7A","MARIETTA 7A"
"COBB","MR3A","MARIETTA 3A"
"COBB","MR4A","MARIETTA 4A"
"COBB","MR5A","MARIETTA 5A"
"COBB","OR03","OREGON 03"
"COBB","MR2A","MARIETTA 2A"
"COBB","MR1A","MARIETTA 1A"
"COBB","MR4C","MARIETTA 4C"
"COBB","KE3A","KENNESAW 3A"
"COBB","NP01","NORTON PARK 01"
"COBB","FO02","FAIR OAKS 02"
"COBB","AC1C","ACWORTH 1C"
"COBB","KE4A","KENNESAW 4A"
"COBB","KE5A","KENNESAW 5A"
"COBB","BK01","BAKER 01"
"COBB","DI02","DOBBINS 02"
"COBB","CA01","CHATTAHOOCHEE 01"
"COBB","SN2A","SMYRNA 2A"
"COBB","SN1A","SMYRNA 1A"
"COBB","SN6A","SMYRNA 6A"
"COBB","VG03","VININGS 03"
"COBB","VG02","VININGS 02"
"COBB","OK01","OAKDALE 01"
"COBB","NJ01","NICKAJACK 01"
"COBB","MR6B","MARIETTA 6B"
"COBB","EL02","ELIZABETH 02"
"COBB","EL04","ELIZABETH 04"
"COBB","SM03","SEWELL MILL 03"
"COBB","EL03","ELIZABETH 03"
"BARTOW","15","WHITE"
"CHEROKEE","036","TEASLEY"
"CHEROKEE","010","CANTON"
"CHEROKEE","030","R M MOORE"
"BARTOW","03","CARTERSVILLE EAST"
"BARTOW","17","HAMILTON CROSSING"
"BARTOW","05","CASSVILLE"
"BARTOW","07","EMERSON"
"BARTOW","04","CARTERSVILLE WEST"
"BARTOW","18","WOODLAND"
"BARTOW","16","ZENA DRIVE"
"CHEROKEE","021","HILLSIDE"
"CHEROKEE","007","BOOTH"
"CHEROKEE","005","BASCOMB"
"CHEROKEE","034","SIXES"
"CHEROKEE","009","BRIDGEMILL"
"GWINNETT","048","DULUTH B"
"GWINNETT","096","DULUTH G"
"GWINNETT","072","MARTINS E"
"GWINNETT","095","DULUTH F"
"GWINNETT","138","DULUTH I"
"FULTON","JC01A","JC01A"
"DEKALB","WI","WARREN TECH"
"DEKALB","CK","CLARKSTON (CLA)"
"DEKALB","IA","IDLEWOOD ELEM (TUC)"
"DEKALB","BH","BROCKETT (TUC)"
"DEKALB","MH","MIDVALE ELEM"
"DEKALB","EF","EVANSDALE ELEM"
"DEKALB","TH","TUCKER"
"FULTON","AP12C","AP12C"
"DEKALB","SN","SHAMROCK"
"DEKALB","ND","NORTHLAKE"
"DEKALB","BD","BRIARLAKE ELEM"
"DEKALB","RD","REHOBOTH"
"DEKALB","MK","MONTREAL"
"DEKALB","MW","MIDVALE ROAD"
"DEKALB","HC","HENDERSON MILL"
"GWINNETT","087","PINCKNEYVILLE S"
"GWINNETT","065","BERKSHIRE H"
"GWINNETT","123","PINCKNEYVILLE Y"
"GWINNETT","023","PINCKNEYVILLE D"
"GWINNETT","058","PINCKNEYVILLE K"
"GWINNETT","050","PINCKNEYVILLE I"
"GWINNETT","010","CATES A"
"GWINNETT","081","CATES L"
"GWINNETT","156","BAYCREEK J"
"GWINNETT","041","BAYCREEK B"
"GWINNETT","134","BAYCREEK F"
"GWINNETT","094","CATES N"
"GWINNETT","005","BAYCREEK A"
"GWINNETT","121","PINCKNEYVILLE X"
"GWINNETT","040","PINCKNEYVILLE H"
"FULTON","JC12","JC12"
"GWINNETT","099","PINCKNEYVILLE T"
"GWINNETT","057","DULUTH D"
"DEKALB","AE","AVONDALE (AVO)"
"DEKALB","MO","MIDWAY"
"DEKALB","CU","COVINGTON"
"DEKALB","NB","NORTH DECATUR"
"DEKALB","ME","MCLENDON"
"DEKALB","VB","VALLEY BROOK"
"DEKALB","SC","SHAW-ROBERT SHAW ELEM"
"DEKALB","CT","COVINGTON HWY"
"DEKALB","SW","STONECREST LIBRARY"
"DEKALB","SL","STONEVIEW ELEM"
"DEKALB","PC","PRINCETON ELEM"
"DEKALB","RC","REDAN ELEM"
"DEKALB","SV","STEPHENSON HIGH"
"DEKALB","AB","ASHFORD PARK ELEM (BHAVN)"
"DEKALB","OA","OAK GROVE ELEM"
"DEKALB","CW","CORALWOOD"
"DEKALB","SA","SAGAMORE HILLS ELEM"
"DEKALB","LA","LAKESIDE HIGH"
"DEKALB","DC","DRESDEN ELEM (CHA)"
"GWINNETT","068","CATES I"
"GWINNETT","093","CATES M"
"GWINNETT","127","LAWRENCEVILLE J"
"GWINNETT","018","MARTINS B"
"GWINNETT","084","LAWRENCEVILLE G"
"GWINNETT","150","DULUTH K"
"FULTON","SS12","SS12"
"FULTON","SS07C","SS07C"
"FULTON","SS07B","SS07B"
"FULTON","SS07A","SS07A"
"FULTON","SS08B","SS08B"
"FULTON","SS02B","SS02B"
"FULTON","SS08C","SS08C"
"FULTON","SS04","SS04"
"FULTON","SS08A","SS08A"
"FULTON","SS08D","SS08D"
"FULTON","SS29A","SS29A"
"DEKALB","LC","LAVISTA"
"GWINNETT","148","BERKSHIRE Q"
"GWINNETT","021","PINCKNEYVILLE B"
"GWINNETT","051","PINCKNEYVILLE J"
"GWINNETT","113","PINCKNEYVILLE V"
"GWINNETT","114","PINCKNEYVILLE W"
"GWINNETT","020","PINKCNEYVILLE A"
"GWINNETT","116","MARTINS I"
"GWINNETT","117","MARTINS J"
"GWINNETT","088","ROCKBRIDGE E"
"GWINNETT","069","CATES J"
"GWINNETT","036","CATES E"
"GWINNETT","107","CATES O"
"GWINNETT","035","CATES D"
"GWINNETT","044","ROCKBRIDGE B"
"DEKALB","PH","PANOLA"
"DEKALB","SK","SHADOW ROCK ELEM"
"DEKALB","SP","STONE MTN CHAMPION"
"DEKALB","SQ","STONE MTN"
"FULTON","08H","08H"
"DEKALB","HA","HAMBRICK ELEM"
"DEKALB","RE","ROCKBRIDGE ELEM"
"DEKALB","SJ","STONE MILL ELEM"
"DEKALB","MA","MILLER-ELDRIDGE L MILLER ELEM"
"DEKALB","SU","SOUTH HAIRSTON"
"DEKALB","SD","STONE MOUNTAIN ELEM"
"DEKALB","WN","WYNBROOKE ELEM"
"DEKALB","ST","STEPHENSON MIDDLE"
"DEKALB","SO","SOUTH DESHON"
"GWINNETT","064","GARNERS D"
"DEKALB","RM","REDAN MIDDLE"
"DEKALB","MC","MARBUT ELEM"
"DEKALB","RK","REDAN ROAD"
"DEKALB","WG","WOODRIDGE ELEM"
"DEKALB","RJ","ROWLAND ROAD"
"DEKALB","WK","WHITE OAK"
"DEKALB","FM","FREEDOM MIDDLE"
"DEKALB","PE","PINE LAKE"
"DEKALB","SS","SNAPFINGER ROAD S"
"DEKALB","MF","MCWILLIAMS"
"DEKALB","MI","MILLER GROVE"
"DEKALB","BM","BETHUNE MIDDLE"
"DEKALB","CP","CROSSROADS"
"DEKALB","FA","FAIRINGTON ELEM"
"DEKALB","PR","PANOLA ROAD"
"DEKALB","PI","PANOLA WAY ELEM"
"DEKALB","YA","YOUNG ROAD"
"DEKALB","RG","ROWLAND ELEM"
"DEKALB","DE","DUNAIRE ELEM"
"DEKALB","AA","ALLGOOD ELEM"
"DEKALB","IB","INDIAN CREEK"
"DEKALB","CY","CLARKSTON COMMUNITY CENTER (CLA)"
"DEKALB","MN","MEMORIAL SOUTH"
"DEKALB","JB","JOLLY ELEM"
"DEKALB","WB","WESLEY CHAPEL LIBRARY"
"GWINNETT","120","BERKSHIRE P"
"GWINNETT","109","BERKSHIRE M"
"GWINNETT","074","PINCKNEYVILLE Q"
"GWINNETT","103","BERKSHIRE L"
"GWINNETT","086","MARTINS F"
"GWINNETT","034","BERKSHIRE F"
"GWINNETT","119","BERKSHIRE O"
"GWINNETT","019","MARTINS C"
"GWINNETT","043","MARTINS D"
"GWINNETT","033","BERKSHIRE E"
"GWINNETT","092","BERKSHIRE J"
"GWINNETT","049","GARNERS C"
"GWINNETT","014","GARNERS A"
"GWINNETT","045","GARNERS B"
"GWINNETT","032","BERKSHIRE D"
"GWINNETT","011","BERKSHIRE A"
"DEKALB","PF","PLEASANTDALE ROAD"
"GWINNETT","066","PINCKNEYVILLE O"
"GWINNETT","038","PINCKNEYVILLE F"
"GWINNETT","059","PINCKNEYVILLE N"
"DEKALB","NC","NORTH HAIRSTON"
"HENRY","44","AUSTIN ROAD"
"HENRY","47","ELLENWOOD"
"DEKALB","SY","SNAPFINGER ROAD"
"DEKALB","BJ","BROWNS MILL ELEM"
"DEKALB","SM","SALEM MIDDLE"
"DEKALB","MV","MILLER GROVE ROAD"
"DEKALB","CC","COLUMBIA ELEM"
"DEKALB","FL","FLAT SHOALS LIBRARY"
"ROCKDALE","BT","BT"
"ROCKDALE","HI","HI"
"GWINNETT","104","ROCKBRIDGE F"
"GWINNETT","076","ROCKBRIDGE D"
"DEKALB","BC","BRIAR VISTA ELEM"
"DEKALB","DH","DRUID HILLS HIGH"
"DEKALB","ER","EMORY ROAD"
"DEKALB","LB","LAVISTA ROAD"
"DEKALB","OK","OAKHURST (DEC)"
"DEKALB","DD","DECATUR (DEC)"
"DEKALB","PG","PONCE DE LEON (DEC)"
"DEKALB","WJ","WOODWARD (BHAVN)"
"DEKALB","CO","CROSS KEYS HIGH (BHAVN)"
"DEKALB","BG","BRIARCLIFF"
"DEKALB","HI","HARRIS-MARGARET HARRIS ED"
"DEKALB","MJ","MONTCLAIR ELEM"
"DEKALB","BE","BRIARWOOD (BHAVN)"
"DEKALB","BI","BROOKHAVEN (BHAVN)"
"DEKALB","SE","SILVER LAKE"
"DEKALB","SF","SKYLAND"
"DEKALB","BF","BROCKETT ELEM (TUC)"
"DEKALB","SI","STONE MTN MIDDLE"
"DEKALB","TF","TUCKER LIBRARY"
"DEKALB","HG","HUGH HOWELL"
"DEKALB","SH","SMOKE RISE"
"GWINNETT","012","BERKSHIRE B"
"FULTON","06J","06J"
"FULTON","06E","06E"
"FULTON","06Q","06Q"
"FULTON","06D1","06D1"
"FULTON","06D2","06D2"
"FULTON","06D","06D"
"DEKALB","MB","MCNAIR HIGH"
"DEKALB","ML","MEADOWVIEW"
"ROCKDALE","CO","CO"
"DEKALB","MZ","MILLER GROVE HIGH"
"DEKALB","WD","WOODROW ROAD"
"DEKALB","LH","LITHONIA HIGH"
"DEKALB","RH","REDAN-TROTTI LIBRARY"
"DEKALB","LD","LITHONIA (LIT)"
"FULTON","08K","08K"
"FULTON","08L","08L"
"FULTON","02W","02W"
"FULTON","03F","03F"
"FULTON","02A1","02A1"
"FULTON","06R","06R"
"FULTON","02A","02A"
"FULTON","06N","06N"
"FULTON","06L2","06L2"
"FULTON","02S","02S"
"FULTON","05J","05J"
"CLAYTON","LC1","LAKE CITY"
"CLAYTON","MO4","MORROW 4"
"CLAYTON","MO9","MORROW 9"
"CLAYTON","MO6","MORROW 6"
"CLAYTON","MO11","MORROW 11"
"CLAYTON","EW1","ELLENWOOD 1"
"DEKALB","CM","COLUMBIA MIDDLE"
"DEKALB","TC","TONEY ELEM"
"DEKALB","KE","KNOLLWOOD"
"DEKALB","WA","WADSWORTH"
"DEKALB","SG","SNAPFINGER ELEM"
"DEKALB","PA","PEACHCREST"
"DEKALB","MR","MATHIS-BOB MATHIS ELEM"
"DEKALB","RA","RAINBOW ELEM"
"DEKALB","CV","CLAIREMONT EAST (DEC)"
"DEKALB","WF","WINNONA PARK"
"DEKALB","GA","GLENNWOOD (DEC)"
"DEKALB","CI","CLAIREMONT WEST (DEC)"
"DEKALB","SB","SCOTT"
"DEKALB","CJ","CLAIRMONT ROAD"
"DEKALB","MG","MEDLOCK"
"DEKALB","FJ","FLAT SHOALS"
"DEKALB","FC","FLAT SHOALS ELEM"
"DEKALB","MP","MCNAIR ACADEMY"
"DEKALB","EA","EAST LAKE (ATL)"
"DEKALB","MD","MCNAIR"
"DEKALB","KA","KELLEY LAKE ELEM"
"DEKALB","CQ","CANDLER"
"DEKALB","GC","GRESHAM ROAD"
"DEKALB","BR","BURGESS ELEM (ATL)"
"DEKALB","MT","METROPOLITAN (ATL)"
"DEKALB","PN","PINEY GROVE"
"DEKALB","TA","TERRY MILL"
"DEKALB","CL","CLIFTON"
"DEKALB","CR","CEDAR GROVE MIDDLE"
"FULTON","01P","01P"
"FULTON","01R","01R"
"FULTON","01E","01E"
"FULTON","01A","01A"
"FULTON","05A1","05A1"
"FULTON","01B","01B"
"FULTON","12J","12J"
"FULTON","12H2","12H2"
"CLAYTON","FP2","FOREST PARK 2"
"FULTON","12M","12M"
"CLAYTON","MO2","MORROW 2"
"CLAYTON","MO7","MORROW 7"
"CLAYTON","MO3","MORROW 3"
"FULTON","01G","01G"
"FULTON","01D","01D"
"FULTON","01H","01H"
"FULTON","05B","05B"
"FULTON","01S","01S"
"FULTON","01C","01C"
"FULTON","01T","01T"
"DEKALB","KC","KELLEY CHAPEL ROAD"
"DEKALB","CA","COLUMBIA DRIVE"
"DEKALB","AF","AUSTIN DRIVE"
"DEKALB","CB","CANBY LANE ELEM"
"DEKALB","SR","SNAPFINGER ROAD N"
"DEKALB","GF","GLENWOOD ROAD"
"DEKALB","GB","GLENHAVEN"
"DEKALB","AI","AVONDALE HIGH"
"DEKALB","CN","COAN RECREATION CENTER (ATL)"
"DEKALB","CX","CANDLER PARK (ATL)"
"DEKALB","LE","LIN-MARY LIN ELEM (ATL)"
"DEKALB","BB","BOULEVARD (ATL)"
"DEKALB","FB","FERNBANK ELEM"
"DEKALB","EG","EMORY SOUTH"
"DEKALB","JA","JOHNSON ESTATES (ATL)"
"FULTON","02G","02G"
"FULTON","02D","02D"
"FULTON","02F2","02F2"
"FULTON","02J","02J"
"FULTON","06G","06G"
"FULTON","06B","06B"
"FULTON","02E","02E"
"FULTON","02F1","02F1"
"FULTON","06F","06F"
"FULTON","06L1","06L1"
"DEKALB","LV","LIVSEY ELEM"
"DEKALB","DB","DORAVILLE SOUTH (DOR)"
"DEKALB","DA","DORAVILLE NORTH (DOR)"
"DEKALB","OB","OAKCLIFF ELEM"
"DEKALB","NF","NORTH PEACHTREE (DUN)"
"GWINNETT","037","PINCKNEYVILLE E"
"DEKALB","EC","EMBRY HILLS"
"DEKALB","WL","WINTERS CHAPEL"
"GWINNETT","101","PINCKNEYVILLE U"
"GWINNETT","073","PINCKNEYVILLE P"
"GWINNETT","126","PINCKNEYVILLE A1"
"null","null","null"
"FULTON","JC19","JC19"
"FULTON","JC13A","JC13A"
"GWINNETT","022","PINCKNEYVILLE C"
"GWINNETT","125","PINCKNEYVILLE Z"
"GWINNETT","062","PINCKNEYVILLE L"
"FULTON","JC13B","JC13B"
"GWINNETT","063","PINCKNEYVILLE M"
"FULTON","RW17","RW17"
"FULTON","RW04","RW04"
"DEKALB","KB","KINGSLEY ELEM (DUN)"
"FULTON","SS01","SS01"
"FULTON","RW20","RW20"
"FULTON","RW21","RW21"
"FULTON","RW22A","RW22A"
"FULTON","RW07A","RW07A"
"FULTON","RW07B","RW07B"
"FULTON","AP03","AP03"
"DEKALB","HB","HAWTHORNE ELEM"
"DEKALB","AG","ASHFORD DUNWOODY RD (BHAVN)"
"DEKALB","AH","ASHFORD PARKSIDE (BHAVN)"
"DEKALB","MU","MONTGOMERY ELEM  (BHAVN)"
"DEKALB","KG","KITTREDGE ELEM (BHAVN)"
"DEKALB","GD","GEORGETOWN SQ (DUN)"
"DEKALB","DF","DUNWOODY (DUN)"
"DEKALB","MS","MOUNT VERNON WEST (DUN)"
"FULTON","07F","07F"
"FULTON","07D","07D"
"FULTON","07N","07N"
"FULTON","07M","07M"
"FULTON","07E","07E"
"FULTON","07A","07A"
"FULTON","07C","07C"
"FULTON","07B","07B"
"ROCKDALE","OT","OT"
"ROCKDALE","MI","MI"
"DEKALB","RL","ROCK CHAPEL ROAD"
"ROCKDALE","LA","LA"
"DEKALB","RF","ROCK CHAPEL ELEM"
"DEKALB","RI","ROCKBRIDGE ROAD"
"GWINNETT","122","ROCKBRIDGE G"
"GWINNETT","143","LAWRENCEVILLE L"
"GWINNETT","061","LAWRENCEVILLE E"
"GWINNETT","153","LAWRENCEVILLE N"
"GWINNETT","016","LAWRENCEVILLE B"
"GWINNETT","078","BAYCREEK K"
"GWINNETT","015","LAWRENCEVILLE A"
"GWINNETT","097","GOODWINS E"
"GWINNETT","110","MARTINS G"
"GWINNETT","124","GOODWINS G"
"GWINNETT","149","GOODWINS I"
"GWINNETT","006","GOODWINS A"
"GWINNETT","128","GOODWINS H"
"GWINNETT","083","GOODWINS D"
"GWINNETT","053","CATES H"
"GWINNETT","046","CATES F"
"GWINNETT","047","CATES G"
"GWINNETT","029","CATES B"
"GWINNETT","079","CATES K"
"GWINNETT","139","MARTINS K"
"GWINNETT","115","MARTINS H"
"FORSYTH","16","16 OTWELL"
"FORSYTH","05","05 COAL MOUNTAIN"
"FORSYTH","03","03 BROWNS BRIDGE"
"GILMER","10","ELLIJAY NORTH"
"GILMER","09","EAST ELLIJAY"
"GILMER","13","ELLIJAY NORTHEAST"
"GILMER","07","BOARDTOWN"
"FANNIN","SUGC","SUGAR CREEK"
"FANNIN","FLIN","FLINTHILL"
"FANNIN","MINE","MINERAL BLUFF"
"MURRAY","824","TOWN"
"MURRAY","1013","MCDONALD"
"WHITFIELD","LT","LT"
"WHITFIELD","UT","UT"
"MURRAY","874","NORTH"
"GILMER","03","TAILS CREEK"
"GILMER","08","MOUNTAINTOWN"
"GILMER","01","ELLIJAY SOUTH"
"FANNIN","HOTH","HOTHOUSE"
"FANNIN","HEMP","HEMPTOWN"
"FANNIN","FAIR","FAIRPLAY"
"LINCOLN","4-A","BETHANY CHURCH"
"ELBERT","196","MOSS-RUCKERSVILLE"
"ELBERT","199","GAINES"
"COLUMBIA","051","DAMASCUS BAPT CHURCH"
"COLUMBIA","050","SECOND MT. CARMEL BAPTIST CHURCH"
"WILKES","3B","RAYLE CITY HALL"
"OGLETHORPE","LX","LEXINGTON"
"WILKES","4B","TIGNALL SCH LUNCH RM"
"ELBERT","191","ELIAM"
"ELBERT","190","LONGSTREET"
"ELBERT","192","PETERSBURG"
"WILKES","1","SENIOR CITIZEN CENTE"
"WILKES","3A","EDWARD B POPE CENTER"
"WILKES","4A","COURTHOUSE"
"HABERSHAM","01","HABERSHAM NORTH"
"HART","5","REED CREEK"
"WHITE","101","TOWN CREEK"
"WHITE","021","BLUE RIDGE"
"WHITE","091","TESNATEE"
"HART","7","SHOAL CREEK"
"HART","2","HARTWELL"
"HART","4","COKESBURY"
"HART","6","BOWERSVILLE"
"ELBERT","189","ELBERTON"
"ELBERT","315","CENTERVILLE"
"HART","8","BIO"
"FRANKLIN","2","WEST FRANKLIN"
"FRANKLIN","1","CARNESVILLE"
"STEPHENS","SC1","SENIOR CENTER"
"MADISON","FOR","FORK"
"ELBERT","202","WEBBSBORO"
"ELBERT","193","WYCHE"
"MADISON","PIT","PITTMAN"
"WHITE","041","MOSSY CREEK"
"WHITE","111","WHITE CREEK"
"HABERSHAM","06","MUD CREEK"
"HABERSHAM","03","DEMOREST"
"CLARKE","6A","6A"
"OCONEE","05","BISHOP"
"OCONEE","12","CIVIC CENTER"
"OCONEE","10","MARSWOOD HALL"
"CLARKE","6C","6C"
"OCONEE","01","CITY HALL"
"JACKSON","4000","SOUTH JACKSON"
"CLARKE","5A","5A"
"JACKSON","3000","WEST JACKSON"
"JACKSON","1000","CENTRAL JACKSON"
"MORGAN","01","1. NORTHEAST MORGAN"
"OCONEE","04","FARMINGTON"
"WALTON","454","MOUNTAIN"
"CLARKE","8C","8C"
"CLARKE","8B","8B"
"CLARKE","4A","4A"
"CLARKE","8A","8A"
"CLARKE","1D","1D"
"CLARKE","1B","1B"
"CLARKE","2B","2B"
"CLARKE","1A","1A"
"MADISON","HUL","HULL"
"OGLETHORPE","CR","CRAWFORD"
"OGLETHORPE","BV","BEAVERDAM"
"MADISON","COB","COLBERT"
"MADISON","COM","COMER"
"BARROW","02","02"
"WALTON","250","WALKER PARK"
"WALTON","420","NORTH MONROE"
"OCONEE","11","EAST OCONEE"
"CLARKE","7A","7A"
"CLARKE","7B","7B"
"CLARKE","7C","7C"
"CLARKE","4B","4B"
"BANKS","0001","ANDERSON"
"BANKS","0010","HOMER"
"BANKS","0004","BUSHVILLE"
"BANKS","0006","DAVIDS"
"MADISON","ILA","ILA"
"MADISON","POC","POCA"
"FRANKLIN","7","SOUTHWEST FRANKLIN"
"MADISON","DAN","DANIELSVILLE"
"MADISON","MIL","MILL"
"MADISON","HAR","HARRISON"
"FRANKLIN","6","ROYSTON"
"JACKSON","2000","NORTH JACKSON"
"BANKS","0008","GROVE RIVER"
"FRANKLIN","5","CANON"
"FRANKLIN","4","LAVONIA"
"FRANKLIN","3","NORTHEAST FRANKLIN"
"MADISON","PAO","PAOLI"
"MADISON","COL","COLLINS"
"CLARKE","3A","3A"
"CLARKE","5C","5C"
"CLARKE","5D","5D"
"CLARKE","3B","3B"
"CLARKE","2A","2A"
"WALTON","419","SOUTH MONROE"
"WALTON","503","BLASINGAME"
"WALTON","425","E MONROE"
"OCONEE","08","DARK CORNER"
"OCONEE","06","HIGH SHOALS"
"OCONEE","07","NORTH OCONEE"
"OCONEE","09","BOGART"
"BARROW","05","05"
"NEWTON","25","HUB"
"WALTON","418","SOCIAL CIRCLE"
"WALTON","1675","WHATLEY"
"WALTON","426","W MONROE"
"BARROW","13","13"
"BARROW","08","08"
"BARROW","16","16"
"WALTON","414","GRATIS"
"BARROW","01","01"
"CLARKE","6B","6B"
"CLARKE","6D","6D"
"CLARKE","5B","5B"
"WHITE","081","SHOAL CREEK"
"HALL","014","CLERMONT"
"HALL","013","LULA"
"HALL","024","GAINESVILLE IV"
"HALL","025","GAINESVILLE V"
"HALL","010","CANDLER"
"HALL","021","GAINESVILLE I"
"HALL","022","GAINESVILLE II"
"BANKS","0011","POPLAR SPRINGS"
"BANKS","0007","GOLDEN HILL"
"BANKS","0002","BALDWIN"
"HALL","011","TADMORE"
"HALL","012","GLADE"
"HALL","026","GILLSVILLE"
"HABERSHAM","02","HABERSHAM SOUTH"
"BANKS","0003","BERLIN"
"HABERSHAM","05","CITY OF BALDWIN"
"HABERSHAM","04","TOWN OF MOUNT AIRY"
"ELBERT","201","GOSHEN"
"HART","3","GOLDMINE"
"ELBERT","197","PIKE"
"TOWNS","990","HIAWASSEE"
"TOWNS","833","MACEDONIA"
"HABERSHAM","07","AMYS CREEK"
"WILKES","2A","YOUNG FARMERS BLDG"
"WILKES","2B","METASVILLE FIRE STA"